csv_code,routeName,operator,transportType,totalDistance,vehicleType,operatingTime,baseFare,numTrips,tripTime,frequency
1,Bến Thành - Bến xe buýt Chợ Lớn,"Công ty TNHH Du lịch, Dịch vụ Xây dựng Bảo Yến, ĐT: 028.3776.3777",Phổ thông - Có trợ giá,8.59 km,50 chỗ,05:00 - 20:15,"- Vé lượt trợ giá: 5,000 VNĐ - Vé lượt trợ giá HSSV: 3,000 VNĐ - Vé tập: 112,500 VNĐ",120 chuyến/ngày,35 phút,15 - 18 phút
2,Ben Thanh Ben Xe Mien Tay,(08) 38.441.224,Phổ thông - Có trợ giá,"13,65 KM",,,,,,
3,Bến Thành - Thạnh Xuân,"Công ty Cổ phần Xe khách Phương Trang Futabuslines, ĐT: 1900638494",Phổ thông - Có trợ giá,20.60 km,60 chỗ,04:00 - 21:00,"- Vé lượt trợ giá: 6,000 VNĐ - Vé lượt trợ giá HSSV: 3,000 VNĐ - Vé miễn: 0 VNĐ - Vé tập: 135,000 VNĐ",260 chuyến/ngày,60 - 65 phút,6 - 12 phút
4,Bến Thành - Cộng Hòa - Bến xe An Sương,"Công ty TNHH Du lịch, Dịch vụ Xây dựng Bảo Yến, ĐT: 028.3776.3777",Phổ thông - Có trợ giá,16.42 km,47 - 50 chỗ,05:00 - 20:15,"- Vé lượt trợ giá: 6,000 VNĐ - Vé lượt trợ giá HSSV: 3,000 VNĐ - Vé miễn: 0 VNĐ - Vé tập: 135,000 VNĐ",200 chuyến/ngày,50 - 70 phút,8 - 10 phút
5,Bến xe buýt Chợ Lớn - Bến xe Biên Hòa,"Hợp tác xã vận tải xe buýt Quyết Thắng, ĐT: (028)38.642.712 Công ty Cổ phần Đầu tư Phát triển Vận tải Vĩnh Phú, ĐT: (0251)3.838.191",Phổ thông - Không trợ giá,38.00 km,40 chỗ,04:50 - 17:50,"- Vé lượt không trợ giá: 10,000 VNĐ - Vé lượt không trợ giá: 20,000 VNĐ - Vé lượt không trợ giá: 30,000 VNĐ",56 chuyến/ngày,100 phút,20 - 50 phút
6,Bến xe buýt Chợ Lớn - Đại học Nông Lâm,"Công ty Cổ phần Xe khách Sài Gòn, ĐT: (028)39505505",Phổ thông - Có trợ giá,26.50 km,68 - 76 chỗ,04:55 - 21:00,"- Vé lượt trợ giá: 7,000 VNĐ - Vé lượt trợ giá HSSV: 3,000 VNĐ - Vé tập: 157,500 VNĐ",156 chuyến/ngày,70 phút,8 - 15 phút
7,Bến xe buýt Chợ Lớn - Gò Vấp,"Công ty Cổ phần Xe khách Phương Trang Futabuslines, ĐT: 1900638494",Phổ thông - Có trợ giá,15.50 km,55 chỗ,04:00 - 20:00,"- Vé lượt trợ giá: 6,000 VNĐ - Vé lượt trợ giá HSSV: 3,000 VNĐ - Vé miễn: 0 VNĐ - Vé tập: 135,000 VNĐ",134 chuyến/ngày,65 phút,10 - 20 phút
8,Bến xe buýt Quận 8 - Đại học Quốc gia,"Hợp tác xã vận tải xe buýt Quyết Thắng, ĐT: (028)38.642.712",Phổ thông - Có trợ giá,32.70 km,68 chỗ,04:40 - 20:30,"- Vé lượt trợ giá: 7,000 VNĐ - Vé lượt trợ giá HSSV: 3,000 VNĐ - Vé tập: 157,500 VNĐ",348 chuyến/ngày,80 - 90 phút,2 - 10 phút
9,Bến xe buýt Chợ Lớn - Bình Chánh - Hưng Long,"Công ty Cổ phần Xe khách Phương Trang Futabuslines, ĐT: 1900638494",Phổ thông - Có trợ giá,25.00 km,55 chỗ,03:45 - 19:30,"- Vé lượt trợ giá: 7,000 VNĐ - Vé lượt trợ giá HSSV: 3,000 VNĐ - Vé tập: 157,500 VNĐ",170 chuyến/ngày,70 phút,8 - 15 phút
10,Đại học Quốc Gia - Bến xe Miền Tây,"Công ty Cổ phần Xe khách Sài Gòn, ĐT: (028)39505505",Phổ thông - Có trợ giá,30.85 km,51 - 68 chỗ,04:45 - 21:00,"- Vé lượt trợ giá: 7,000 VNĐ - Vé lượt trợ giá HSSV: 3,000 VNĐ - Vé tập: 157,500 VNĐ",102 chuyến/ngày,80 phút,15 - 25 phút
11,Ben Thanh Dam Sen,(08) 38.441.224,Phổ thông - Có trợ giá,"30,9",29 - 80 chỗ,05:00 - 18:45,"- Vé lượt trợ giá: 7,000 VNĐ - Vé lượt trợ giá HSSV: 3,000 VNĐ - Vé tập: 157,500 VNĐ",122 chuyến/ngày,60 - 80 phút,10 - 20 phút
12,Ben Thanh Thac Giang Dien,"Công ty Cổ phần vận tải Sonadezi, (08) 38.100.647",Phổ thông - Có trợ giá,9,30 - 80 chỗ,05:30 - 18:45,"- Vé lượt trợ giá: 7,000 VNĐ - Vé lượt trợ giá HSSV: 3,000 VNĐ - Vé tập: 157,500 VNĐ",140 chuyến/ngày,35 - 40 phút,10 - 15 phút
13,Bến xe buýt Sài Gòn - Bến xe Củ Chi,"Hợp tác xã vận tải xe buýt và du lịch Quyết Tiến, ĐT: 028.6678.9396 Hợp tác xã vận tải 19/5, ĐT: 18001557",Phổ thông - Không trợ giá,36.30 km,40 chỗ,04:00 - 19:45,"- Vé lượt không trợ giá: 10,000 VNĐ - Vé lượt không trợ giá: 23,000 VNĐ - Vé lượt không trợ giá HSSV: 10,000 VNĐ",80 chuyến/ngày,80 phút,20 - 25 phút
14,Bến xe Miền Đông - Bến xe Miền Tây,"Công ty Cổ phần Xe khách Phương Trang Futabuslines, ĐT: 1900638494",Phổ thông - Có trợ giá,16.40 km,55 chỗ,04:00 - 20:30,"- Vé lượt trợ giá: 6,000 VNĐ - Vé lượt trợ giá HSSV: 3,000 VNĐ - Vé miễn: 0 VNĐ - Vé tập: 135,000 VNĐ",210 chuyến/ngày,60 phút,6 - 12 phút
15,Chợ Phú Định - Đầm Sen,"Hợp tác xã vận tải số 28, ĐT: (028)38.758.875",Phổ thông - Có trợ giá,17.10 km,40 chỗ,05:00 - 19:00,"- Vé lượt trợ giá: 6,000 VNĐ - Vé lượt trợ giá HSSV: 3,000 VNĐ - Vé miễn: 0 VNĐ - Vé tập: 135,000 VNĐ",82 chuyến/ngày,50 phút,20 - 22 phút
16,Bến xe buýt Chợ Lớn - Bến xe buýt Tân Phú,"Công ty Cổ phần Xe khách Phương Trang Futabuslines, ĐT: 1900638494",Phổ thông - Có trợ giá,16.80 km,55 chỗ,05:00 - 19:00,"- Vé lượt trợ giá: 6,000 VNĐ - Vé lượt trợ giá HSSV: 3,000 VNĐ - Vé miễn: 0 VNĐ - Vé tập: 135,000 VNĐ",100 chuyến/ngày,55 phút,12 - 20 phút
17,Ben Xe Cho Lon Dh Sai Gon Kcx Tan ThuạN,,Phổ thông - Có trợ giá,,,,,,,
18,Bến Thành - Chợ Hiệp Thành,"Công ty Cổ phần Xe khách Phương Trang Futabuslines, ĐT: 1900638494",Phổ thông - Có trợ giá,22.73 km,60 chỗ,04:30 - 22:00,"- Vé lượt trợ giá: 6,000 VNĐ - Vé lượt trợ giá HSSV: 3,000 VNĐ - Vé miễn: 0 VNĐ - Vé tập: 135,000 VNĐ",180 chuyến/ngày,75 phút,8 - 15 phút
19,Bến Thành - Khu chế xuất Linh Trung - Đại học Quốc gia,,Phổ thông - Có trợ giá,,,,,,,
20,Bến Thành - Nhà Bè,"Công ty Cổ phần vận tải 26, ĐT: 028.6683.2179",Phổ thông - Có trợ giá,16.93 km,40 - 65 chỗ,04:20 - 21:15,"- Vé lượt trợ giá: 6,000 VNĐ - Vé lượt trợ giá HSSV: 3,000 VNĐ - Vé miễn: 0 VNĐ - Vé tập: 135,000 VNĐ",300 chuyến/ngày,50 phút,5 - 17 phút
22,Bến xe buýt Quận 8 - Khu công nghiệp Lê Minh Xuân,"Hợp tác xã vận tải liên tỉnh và du lịch Việt Thắng, ĐT: (028)38.535.935",Phổ thông - Có trợ giá,22.75 km,47 chỗ,04:20 - 19:00,"- Vé lượt trợ giá: 6,000 VNĐ - Vé lượt trợ giá HSSV: 3,000 VNĐ - Vé miễn: 0 VNĐ - Vé tập: 135,000 VNĐ",117 chuyến/ngày,65 phút,10 - 20 phút
23,Bến xe buýt Chợ Lớn - Ngã ba Giồng - Cầu Lớn,"Công ty Cổ phần Xe khách Phương Trang Futabuslines, ĐT: 1900638494",Phổ thông - Có trợ giá,23.45 km,60 chỗ,04:00 - 20:30,"- Vé lượt trợ giá: 6,000 VNĐ - Vé lượt trợ giá HSSV: 3,000 VNĐ - Vé miễn: 0 VNĐ - Vé tập: 135,000 VNĐ",152 chuyến/ngày,75 phút,10 - 15 phút
24,Bến xe Miền Đông - Hóc Môn,"Công ty Cổ phần Xe khách Phương Trang Futabuslines, ĐT: 1900638494",Phổ thông - Có trợ giá,27.20 km,60 chỗ,04:00 - 20:30,"- Vé lượt trợ giá: 7,000 VNĐ - Vé lượt trợ giá HSSV: 3,000 VNĐ - Vé miễn: 0 VNĐ - Vé tập: 157,500 VNĐ",276 chuyến/ngày,75 phút,5 - 12 phút
25,Bến Xe buýt Quận 8 - Khu dân cư Vĩnh Lộc A,"Công ty Cổ phần Xe khách Phương Trang Futabuslines, ĐT: 1900638494",Phổ thông - Có trợ giá,22.30 km,60 chỗ,04:30 - 21:00,"- Vé lượt trợ giá: 6,000 VNĐ - Vé lượt trợ giá HSSV: 3,000 VNĐ - Vé miễn: 0 VNĐ - Vé tập: 135,000 VNĐ",140 chuyến/ngày,60 phút,10 - 20 phút
27,Bến xe buýt Sài Gòn - Âu Cơ - Bến xe An Sương,"Công ty Cổ phần Xe khách Sài Gòn, ĐT: (028)39505505",Phổ thông - Có trợ giá,15.60 km,68 chỗ,05:00 - 20:00,"- Vé lượt trợ giá: 6,000 VNĐ - Vé lượt trợ giá HSSV: 3,000 VNĐ - Vé miễn: 0 VNĐ - Vé tập: 135,000 VNĐ",160 chuyến/ngày,55 - 65 phút,8 - 14 phút
28,Bến xe buýt Sài Gòn - Chợ Xuân Thới Thượng,"Công ty Cổ phần Xe khách Phương Trang Futabuslines, ĐT: 1900638494",Phổ thông - Có trợ giá,26.45 km,30 chỗ,04:45 - 20:30,"- Vé lượt trợ giá: 7,000 VNĐ - Vé lượt trợ giá HSSV: 3,000 VNĐ - Vé miễn: 0 VNĐ - Vé tập: 157,500 VNĐ",138 chuyến/ngày,80 phút,10 - 15 phút
29,Phà Cát Lái - Chợ nông sản Thủ Đức,"Công ty Cổ phần Xe khách Phương Trang Futabuslines, ĐT: 1900638494",Phổ thông - Có trợ giá,20.75 km,55 chỗ,05:00 - 19:30,"- Vé lượt trợ giá: 6,000 VNĐ - Vé lượt trợ giá HSSV: 3,000 VNĐ - Vé miễn: 0 VNĐ - Vé tập: 135,000 VNĐ",162 chuyến/ngày,70 phút,8 - 15 phút
30,Chợ Tân Hương - Bến xe buýt Văn Thánh,"Công ty Cổ phần Xe khách Phương Trang Futabuslines, ĐT: 1900638494",Phổ thông - Có trợ giá,18.30 km,60 chỗ,05:00 - 22:00,"- Vé lượt trợ giá: 6,000 VNĐ - Vé lượt trợ giá HSSV: 3,000 VNĐ - Vé tập: 135,000 VNĐ",154 chuyến/ngày,50 phút,10 - 20 phút
31,Đại Học Tôn Đức Thắng - Bến Thành - Đại học Văn Lang,"Công ty Cổ phần Xe khách Phương Trang Futabuslines, ĐT: 1900638494",Phổ thông - Có trợ giá,21.27 km,60 chỗ,05:00 - 22:00,"- Vé lượt trợ giá: 6,000 VNĐ - Vé lượt trợ giá HSSV: 3,000 VNĐ - Vé miễn: 0 VNĐ - Vé tập: 135,000 VNĐ",152 chuyến/ngày,80 phút,10 - 20 phút
32,Bến xe Miền Tây - Bến xe Ngã tư Ga,"Hợp tác xã vận tải liên tỉnh và du lịch Việt Thắng, ĐT: (028)38.535.935",Phổ thông - Có trợ giá,24.80 km,51 chỗ,04:00 - 19:30,"- Vé lượt trợ giá: 7,000 VNĐ - Vé lượt trợ giá HSSV: 3,000 VNĐ - Vé tập: 157,500 VNĐ",189 chuyến/ngày,80 phút,9 - 20 phút
33,Bến xe An Sương - Suối Tiên - Đại học Quốc gia,"Công ty TNHH Vận tải sinh thái Vinbus, ĐT: 1900 866 663",Phổ thông - Có trợ giá,25.00 km,68 chỗ,04:30 - 22:00,"- Vé lượt trợ giá: 6,000 VNĐ - Vé lượt trợ giá HSSV: 3,000 VNĐ - Vé miễn: 0 VNĐ - Vé tập: 135,000 VNĐ",362 chuyến/ngày,50 phút,4 - 20 phút
34,Bến xe buýt Sài Gòn - Bến xe buýt Quận 8,"Công ty Cổ phần Xe khách Phương Trang Futabuslines, ĐT: 1900638494",Phổ thông - Có trợ giá,22.05 km,30 chỗ,04:45 - 22:00,"- Vé lượt trợ giá: 6,000 VNĐ - Vé lượt trợ giá HSSV: 3,000 VNĐ - Vé miễn: 0 VNĐ - Vé tập: 135,000 VNĐ",142 chuyến/ngày,60 phút,10 - 20 phút
35,Tuyen Xe Buyt Quan 1 Quan 2,(08) 38.210.621,Phổ thông - Có trợ giá,"16,5",40 chỗ,05:25 - 19:45,"- Vé lượt trợ giá: 6,000 VNĐ - Vé lượt trợ giá HSSV: 3,000 VNĐ - Vé miễn: 0 VNĐ - Vé tập: 135,000 VNĐ",72 chuyến/ngày,50 - 55 phút,20 - 30 phút
36,Bến Thành - Thới An,"Công ty Cổ phần Xe khách Phương Trang Futabuslines, ĐT: 1900638494",Phổ thông - Có trợ giá,18.97 km,60 chỗ,04:45 - 22:00,"- Vé lượt trợ giá: 6,000 VNĐ - Vé lượt trợ giá HSSV: 3,000 VNĐ - Vé miễn: 0 VNĐ - Vé tập: 135,000 VNĐ",172 chuyến/ngày,70 phút,8 - 15 phút
37,Cang Quan 4 Nhon Duc,(08) 38.738.194,Phổ thông - Có trợ giá,"18,35",12 chỗ,05:00 - 19:00,"- Vé lượt trợ giá: 6,000 VNĐ - Vé lượt trợ giá HSSV: 3,000 VNĐ - Vé miễn: 0 VNĐ - Vé tập: 135,000 VNĐ",130 chuyến/ngày,60 phút,12 - 15 phút
38,Khu dân cư Tân Quy - Bến Thành - Đầm Sen,"Công ty Cổ phần Xe khách Sài Gòn, ĐT: (028)39505505",Phổ thông - Có trợ giá,16.57 km,47 chỗ,05:15 - 19:00,"- Vé lượt trợ giá: 6,000 VNĐ - Vé lượt trợ giá HSSV: 3,000 VNĐ - Vé miễn: 0 VNĐ - Vé tập: 135,000 VNĐ",120 chuyến/ngày,60 - 65 phút,12 - 17 phút
39,Bến Thành - Võ Văn Kiệt - Bến xe Miền Tây,"Công ty Cổ phần Xe khách Phương Trang Futabuslines, ĐT: 1900638494",Phổ thông - Có trợ giá,17.57 km,30 chỗ,05:00 - 22:00,"- Vé lượt trợ giá: 6,000 VNĐ - Vé lượt trợ giá HSSV: 3,000 VNĐ - Vé miễn: 0 VNĐ - Vé tập: 135,000 VNĐ",144 chuyến/ngày,55 phút,10 - 20 phút
40,Ben Xe Mien Dong Ben Xe Nga Tu Ga,,Phổ thông - Có trợ giá,,,,,,,
41,Bến xe Miền Tây - Ngã tư Bốn Xã - Bến xe An Sương,"Công ty Cổ phần Xe khách Phương Trang Futabuslines, ĐT: 1900638494",Phổ thông - Có trợ giá,22.15 km,55 chỗ,05:00 - 19:20,"- Vé lượt trợ giá: 6,000 VNĐ - Vé lượt trợ giá HSSV: 3,000 VNĐ - Vé tập: 135,000 VNĐ",144 chuyến/ngày,60 phút,10 - 15 phút
42,Cho Cau Muoi Cho Nong San Thu Duc,,Phổ thông - Có trợ giá,,,,,,,
43,Bến xe Miền Đông - Phà Cát Lái,"Công ty TNHH Du lịch, Dịch vụ Xây dựng Bảo Yến, ĐT: 028.3776.3777",Phổ thông - Có trợ giá,15.80 km,40 - 50 chỗ,05:00 - 19:00,"- Vé lượt trợ giá: 6,000 VNĐ - Vé lượt trợ giá HSSV: 3,000 VNĐ - Vé miễn: 0 VNĐ - Vé tập: 135,000 VNĐ",90 chuyến/ngày,50 - 55 phút,18 - 22 phút
44,Cảng Quận 4 - Bình Quới,"Công ty Cổ phần Xe khách Phương Trang Futabuslines, ĐT: 1900638494",Phổ thông - Có trợ giá,16.65 km,30 chỗ,05:00 - 22:00,"- Vé lượt trợ giá: 6,000 VNĐ - Vé lượt trợ giá HSSV: 3,000 VNĐ - Vé miễn: 0 VNĐ - Vé tập: 135,000 VNĐ",132 chuyến/ngày,60 phút,10 - 20 phút
45,Đại học Kinh tế - Bến Thành - Bến xe Miền Đông,"Công ty Cổ phần Xe khách Sài Gòn, ĐT: (028)39505505",Phổ thông - Có trợ giá,22.30 km,51 - 68 chỗ,04:45 - 20:00,"- Vé lượt trợ giá: 6,000 VNĐ - Vé lượt trợ giá HSSV: 3,000 VNĐ - Vé miễn: 0 VNĐ - Vé tập: 135,000 VNĐ",140 chuyến/ngày,70 - 80 phút,10 - 15 phút
46,Công viên Tôn Thất Thuyết - Bến Mễ Cốc,"Công ty Cổ phần Xe khách Phương Trang Futabuslines, ĐT: 1900638494",Phổ thông - Có trợ giá,19.75 km,30 chỗ,05:00 - 19:00,"- Vé lượt trợ giá: 6,000 VNĐ - Vé lượt trợ giá HSSV: 3,000 VNĐ - Vé miễn: 0 VNĐ - Vé tập: 135,000 VNĐ",120 chuyến/ngày,65 phút,12 - 15 phút
47,Bến xe buýt Chợ Lớn - Quốc lộ 50 - Hưng Long,"Công ty Cổ phần Xe khách Phương Trang Futabuslines, ĐT: 1900638494",Phổ thông - Có trợ giá,17.30 km,55 chỗ,04:00 - 19:00,"- Vé lượt trợ giá: 6,000 VNĐ - Vé lượt trợ giá HSSV: 3,000 VNĐ - Vé miễn: 0 VNĐ - Vé tập: 135,000 VNĐ",132 chuyến/ngày,50 phút,10 - 14 phút
48,Bến xe buýt Tân Phú - Chợ Hiệp Thành,"Công ty Cổ phần Xe khách Phương Trang Futabuslines, ĐT: 1900638494",Phổ thông - Có trợ giá,21.00 km,30 chỗ,04:30 - 20:00,"- Vé lượt trợ giá: 6,000 VNĐ - Vé lượt trợ giá HSSV: 3,000 VNĐ - Vé miễn: 0 VNĐ - Vé tập: 135,000 VNĐ",120 chuyến/ngày,55 phút,10 - 20 phút
50,Đại học Bách khoa - Đại học Quốc gia,"Công ty Cổ phần Xe khách Sài Gòn, ĐT: (028)39505505",Phổ thông - Có trợ giá,26.00 km,51 chỗ,05:30 - 18:30,"- Vé lượt trợ giá: 7,000 VNĐ - Vé lượt trợ giá HSSV: 3,000 VNĐ - Vé tập: 157,500 VNĐ",96 chuyến/ngày,65 phút,10 - 25 phút
51,Ben Xe Mien Dong Binh Hung Hoa,,Phổ thông - Có trợ giá,,,,,,,
52,Bến Thành - Đại học Quốc gia,"Công ty Cổ phần Xe khách Sài Gòn, ĐT: (028)39505505",Phổ thông - Có trợ giá,22.53 km,47 - 51 chỗ,05:10 - 18:15,"- Vé lượt trợ giá: 6,000 VNĐ - Vé lượt trợ giá HSSV: 3,000 VNĐ - Vé tập: 135,000 VNĐ",80 chuyến/ngày,70 phút,10 - 30 phút
53,Lê Hồng Phong - Đại học Quốc gia,"Hợp tác xã vận tải xe buýt Quyết Thắng, ĐT: (028)38.642.712",Phổ thông - Có trợ giá,32.80 km,55 chỗ,05:00 - 19:30,"- Vé lượt trợ giá: 7,000 VNĐ - Vé lượt trợ giá HSSV: 3,000 VNĐ - Vé tập: 157,500 VNĐ",200 chuyến/ngày,75 phút,4 - 14 phút
54,Ben Xe Mien Dong Ben Xe Cho Lon,Hợp tác xã vận tải và du lịch Đông Nam,Phổ thông - Có trợ giá,"14,45",39 - 80 chỗ,04:00 - 20:00,"- Vé lượt trợ giá: 7,000 VNĐ - Vé lượt trợ giá HSSV: 3,000 VNĐ - Vé tập: 157,500 VNĐ",200 chuyến/ngày,50 - 55 phút,8 - 15 phút
55,Công viên phần mềm Quang Trung - Bến xe buýt Văn Thánh,"Công ty Cổ phần Xe khách Phương Trang Futabuslines, ĐT: 1900638494",Phổ thông - Có trợ giá,16.80 km,60 chỗ,05:00 - 22:00,"- Vé lượt trợ giá: 6,000 VNĐ - Vé lượt trợ giá HSSV: 3,000 VNĐ - Vé tập: 135,000 VNĐ",216 chuyến/ngày,45 phút,6 - 15 phút
56,Bến xe buýt Chợ Lớn - Bến xe Miền Đông mới,"Hợp tác xã vận tải xe buýt Quyết Thắng, ĐT: (028)38.642.712",Phổ thông - Có trợ giá,29.35 km,55 chỗ,05:00 - 21:00,"- Vé lượt trợ giá: 7,000 VNĐ - Vé lượt trợ giá HSSV: 3,000 VNĐ - Vé miễn: 0 VNĐ - Vé tập: 157,500 VNĐ",190 chuyến/ngày,80 phút,9 - 13 phút
57,Chợ Phước Bình - Trường Trung học Phổ thông Hiệp Bình,"Công ty Cổ phần Xe khách Phương Trang Futabuslines, ĐT: 1900638494",Phổ thông - Có trợ giá,13.10 km,55 chỗ,05:00 - 18:30,"- Vé lượt trợ giá: 5,000 VNĐ - Vé lượt trợ giá HSSV: 3,000 VNĐ - Vé miễn: 0 VNĐ - Vé tập: 112,500 VNĐ",130 chuyến/ngày,42 phút,10 - 20 phút
58,Bến xe Ngã tư Ga - Khu công nghiệp Đông Nam,"Công ty Cổ phần Xe khách Phương Trang Futabuslines, ĐT: 1900638494",Phổ thông - Có trợ giá,20.80 km,30 chỗ,04:45 - 21:00,"- Vé lượt trợ giá: 6,000 VNĐ - Vé lượt trợ giá HSSV: 3,000 VNĐ - Vé miễn: 0 VNĐ - Vé tập: 135,000 VNĐ",140 chuyến/ngày,60 phút,10 - 20 phút
59,Bến xe buýt Quận 8 - Bến xe Ngã tư Ga,"Công ty Cổ phần vận tải Thành phố, ĐT: (028)39225033",Phổ thông - Có trợ giá,23.70 km,47 - 51 chỗ,04:50 - 19:00,"- Vé lượt trợ giá: 6,000 VNĐ - Vé lượt trợ giá HSSV: 3,000 VNĐ - Vé miễn: 0 VNĐ - Vé tập: 135,000 VNĐ",152 chuyến/ngày,87 phút,16 phút
60,Ben Xe An Suong Kcn Le Minh Xuan,Hợp tác xã vận tải 19/5,Phổ thông - Có trợ giá,"18,5",21 - 55 chỗ,05:00 - 19:00,"- Vé lượt trợ giá: 6,000 VNĐ - Vé lượt trợ giá HSSV: 3,000 VNĐ - Vé miễn: 0 VNĐ - Vé tập: 135,000 VNĐ",120 chuyến/ngày,50 phút,12 - 15 phút
61,Bến xe buýt Chợ Lớn - Khu công nghiệp Lê Minh Xuân,"Công ty Cổ phần Xe khách Phương Trang Futabuslines, ĐT: 1900638494",Phổ thông - Có trợ giá,17.73 km,55 chỗ,04:45 - 19:00,"- Vé lượt trợ giá: 6,000 VNĐ - Vé lượt trợ giá HSSV: 3,000 VNĐ - Vé miễn: 0 VNĐ - Vé tập: 135,000 VNĐ",130 chuyến/ngày,50 phút,12 - 15 phút
62,Bến xe buýt Quận 8 - Thới An,"Công ty Cổ phần Xe khách Sài Gòn, ĐT: (028)39505505",Phổ thông - Có trợ giá,24.00 km,47 chỗ,05:00 - 19:00,"- Vé lượt trợ giá: 6,000 VNĐ - Vé lượt trợ giá HSSV: 3,000 VNĐ - Vé miễn: 0 VNĐ - Vé tập: 135,000 VNĐ",120 chuyến/ngày,75 - 85 phút,12 - 18 phút
64,Bến xe Miền Đông - Đầm Sen,"Công ty Cổ phần Xe khách Sài Gòn, ĐT: (028)39505505",Phổ thông - Có trợ giá,18.00 km,47 chỗ,05:30 - 19:00,"- Vé lượt trợ giá: 6,000 VNĐ - Vé lượt trợ giá HSSV: 3,000 VNĐ - Vé miễn: 0 VNĐ - Vé tập: 135,000 VNĐ",120 chuyến/ngày,55 - 65 phút,10 - 15 phút
65,Bến Thành - Cách Mạng Tháng Tám - Bến xe An Sương,"Công ty TNHH Du lịch, Dịch vụ Xây dựng Bảo Yến, ĐT: 028.3776.3777",Phổ thông - Có trợ giá,16.30 km,50 chỗ,04:45 - 20:45,"- Vé lượt trợ giá: 6,000 VNĐ - Vé lượt trợ giá HSSV: 3,000 VNĐ - Vé miễn: 0 VNĐ - Vé tập: 135,000 VNĐ",180 chuyến/ngày,50 - 70 phút,10 - 12 phút
66,Ben Xe Cho Lon Ben Xe An Suong,(08) 37.130.711,Phổ thông - Có trợ giá,"15,35",80 chỗ,04:25 - 20:00,,220 chuyến/ngày,55 phút,8 - 15 phút
67,Bến xe Miền Đông (cũ) - Bến xe Miền Đông (mới),"Công ty Cổ phần Xe khách Phương Trang Futabuslines, ĐT: 1900638494",Phổ thông - Có trợ giá,19.20 km,30 chỗ,03:00 - 22:45,"- Vé lượt không trợ giá: 10,000 VNĐ - Vé lượt không trợ giá: 20,000 VNĐ - Vé lượt không trợ giá HSSV: 5,000 VNĐ",60 chuyến/ngày,50 phút,30 - 45 phút
68,Bến xe buýt Chợ Lớn - Đại học Tài Chính - Marketing,"Công ty Cổ phần Xe khách Phương Trang Futabuslines, ĐT: 1900638494",Phổ thông - Có trợ giá,20.15 km,55 chỗ,05:00 - 19:00,"- Vé lượt trợ giá: 6,000 VNĐ - Vé lượt trợ giá HSSV: 3,000 VNĐ - Vé miễn: 0 VNĐ - Vé tập: 135,000 VNĐ",108 chuyến/ngày,65 phút,12 - 20 phút
69,Bến xe buýt Sài Gòn - Khu dân cư Vĩnh Lộc,"Công ty Cổ phần vận tải Thành phố, ĐT: (028)39225033",Phổ thông - Có trợ giá,22.45 km,51 chỗ,05:00 - 20:00,"- Vé lượt trợ giá: 6,000 VNĐ - Vé lượt trợ giá HSSV: 3,000 VNĐ - Vé tập: 135,000 VNĐ",144 chuyến/ngày,85 phút,10 - 15 phút
70,Tân Quy - Bến Súc,"Hợp tác xã vận tải 19/5, ĐT: 18001557",Phổ thông - Có trợ giá,25.55 km,40 chỗ,04:00 - 20:20,"- Vé lượt trợ giá: 7,000 VNĐ - Vé lượt trợ giá HSSV: 3,000 VNĐ - Vé tập: 157,500 VNĐ",110 chuyến/ngày,60 phút,15 - 20 phút
71,Bến xe An Sương - Phật Cô Đơn,"Công ty Cổ phần Xe khách Phương Trang Futabuslines, ĐT: 1900638494",Phổ thông - Có trợ giá,24.20 km,30 chỗ,05:00 - 20:30,"- Vé lượt trợ giá: 6,000 VNĐ - Vé lượt trợ giá HSSV: 3,000 VNĐ - Vé tập: 135,000 VNĐ",126 chuyến/ngày,65 phút,10 - 20 phút
72,Bến xe buýt Sài Gòn - Hiệp Phước,"Công ty Cổ phần vận tải Thành phố, ĐT: (028)39225033",Phổ thông - Có trợ giá,21.60 km,47 - 51 chỗ,04:40 - 19:15,"- Vé lượt trợ giá: 6,000 VNĐ - Vé lượt trợ giá HSSV: 3,000 VNĐ - Vé miễn: 0 VNĐ - Vé tập: 135,000 VNĐ",232 chuyến/ngày,55 phút,6 - 11 phút
73,Chợ Bình Chánh - Khu công nghiệp Lê Minh Xuân,"Công ty Cổ phần Xe khách Phương Trang Futabuslines, ĐT: 1900638494",Phổ thông - Có trợ giá,22.35 km,55 chỗ,04:30 - 19:00,"- Vé lượt trợ giá: 6,000 VNĐ - Vé lượt trợ giá HSSV: 3,000 VNĐ - Vé miễn: 0 VNĐ - Vé tập: 135,000 VNĐ",132 chuyến/ngày,60 phút,12 - 15 phút
74,Bến xe An Sương - Bến xe Củ Chi,"Hợp tác xã vận tải liên tỉnh và du lịch Việt Thắng, ĐT: (028)38.535.935",Phổ thông - Có trợ giá,21.85 km,51 chỗ,03:30 - 21:00,"- Vé lượt trợ giá: 6,000 VNĐ - Vé lượt trợ giá HSSV: 3,000 VNĐ - Vé miễn: 0 VNĐ - Vé tập: 135,000 VNĐ",300 chuyến/ngày,45 phút,6 - 15 phút
75,Sài Gòn - Cần Giờ,"Hợp tác xã vận tải số 26, ĐT: (028)38.738.194",Phổ thông - Có trợ giá,63.50 km,40 chỗ,04:00 - 17:20,"- Vé lượt không trợ giá: 20,000 VNĐ - Vé lượt không trợ giá: 40,000 VNĐ",12 chuyến/ngày,140 phút,90 phút
76,Long Phước - Bến xe Miền Đông mới,"Công ty Cổ phần Xe khách Phương Trang Futabuslines, ĐT: 1900638494",Phổ thông - Có trợ giá,23.80 km,30 chỗ,04:45 - 22:00,"- Vé lượt trợ giá: 6,000 VNĐ - Vé lượt trợ giá HSSV: 3,000 VNĐ - Vé tập: 135,000 VNĐ",156 chuyến/ngày,60 phút,8 - 20 phút
77,Đồng Hòa - Cần Thạnh,"Công ty Cổ phần Xe khách Phương Trang Futabuslines, ĐT: 1900638494",Phổ thông - Có trợ giá,16.30 km,30 chỗ,05:00 - 20:00,"- Vé lượt trợ giá: 6,000 VNĐ - Vé lượt trợ giá HSSV: 3,000 VNĐ - Vé miễn: 0 VNĐ - Vé tập: 135,000 VNĐ",90 chuyến/ngày,35 phút,10 - 30 phút
78,Bến xe buýt Thới An - Ngã ba Giồng - Cầu Lớn,"Công ty Cổ phần Xe khách Phương Trang Futabuslines, ĐT: 1900638494",Phổ thông - Có trợ giá,18.50 km,55 chỗ,05:00 - 20:00,"- Vé lượt trợ giá: 6,000 VNĐ - Vé lượt trợ giá HSSV: 3,000 VNĐ - Vé miễn: 0 VNĐ - Vé tập: 135,000 VNĐ",100 chuyến/ngày,60 phút,15 - 20 phút
79,Bến xe Củ Chi - Đền Bến Dược,"Công ty Cổ phần Xe khách Phương Trang Futabuslines, ĐT: 1900638494",Phổ thông - Có trợ giá,25.00 km,55 chỗ,05:00 - 20:00,"- Vé lượt trợ giá: 7,000 VNĐ - Vé lượt trợ giá HSSV: 3,000 VNĐ - Vé tập: 157,500 VNĐ",80 chuyến/ngày,45 phút,15 - 30 phút
81,Bến xe buýt Chợ Lớn - Lê Minh Xuân,"Hợp tác xã vận tải liên tỉnh và du lịch Việt Thắng, ĐT: (028)38.535.935",Phổ thông - Có trợ giá,22.40 km,47 chỗ,04:15 - 19:50,"- Vé lượt trợ giá: 6,000 VNĐ - Vé lượt trợ giá HSSV: 3,000 VNĐ - Vé tập: 135,000 VNĐ",260 chuyến/ngày,65 phút,6 - 15 phút
83,Ben Xe Cu Chi Cau Thay Cai,(08) 37.130.711,Phổ thông - Có trợ giá,"5,8",40 chỗ,05:00 - 19:00,,120 chuyến/ngày,15 phút,10 - 20 phút
84,Bến xe buýt Chợ Lớn - Tân Túc,"Công ty Cổ phần Xe khách Phương Trang Futabuslines, ĐT: 1900638494",Phổ thông - Có trợ giá,17.30 km,55 chỗ,04:40 - 19:30,"- Vé lượt trợ giá: 6,000 VNĐ - Vé lượt trợ giá HSSV: 3,000 VNĐ - Vé tập: 135,000 VNĐ",120 chuyến/ngày,47 phút,12 - 20 phút
85,Bến xe An Sương - Khu công nghiệp Nhị Xuân,"Công ty Cổ phần Xe khách Phương Trang Futabuslines, ĐT: 1900638494",Phổ thông - Có trợ giá,14.86 km,55 chỗ,04:35 - 20:30,"- Vé lượt trợ giá: 5,000 VNĐ - Vé lượt trợ giá HSSV: 3,000 VNĐ - Vé tập: 112,500 VNĐ",128 chuyến/ngày,35 phút,10 - 20 phút
86,Bến Thành - Đại học Tôn Đức Thắng - Nhơn Đức,"Công ty Cổ phần Xe khách Phương Trang Futabuslines, ĐT: 1900638494",Phổ thông - Có trợ giá,15.15 km,55 chỗ,05:00 - 19:00,"- Vé lượt trợ giá: 6,000 VNĐ - Vé lượt trợ giá HSSV: 3,000 VNĐ - Vé miễn: 0 VNĐ - Vé tập: 135,000 VNĐ",110 chuyến/ngày,62 phút,12 - 20 phút
87,Bến xe Củ Chi - An Nhơn Tây,"Công ty Cổ phần Xe khách Phương Trang Futabuslines, ĐT: 1900638494",Phổ thông - Có trợ giá,20.80 km,30 chỗ,05:00 - 20:30,"- Vé lượt trợ giá: 6,000 VNĐ - Vé lượt trợ giá HSSV: 3,000 VNĐ - Vé miễn: 0 VNĐ - Vé tập: 135,000 VNĐ",116 chuyến/ngày,40 phút,10 - 20 phút
88,Bến Thành - Chợ Long Phước,"Công ty Cổ phần Xe khách Phương Trang Futabuslines, ĐT: 1900638494",Phổ thông - Có trợ giá,23.60 km,60 chỗ,04:45 - 22:00,"- Vé lượt trợ giá: 6,000 VNĐ - Vé lượt trợ giá HSSV: 3,000 VNĐ - Vé miễn: 0 VNĐ - Vé tập: 135,000 VNĐ",216 chuyến/ngày,65 phút,6 - 15 phút
89,Đại học Nông Lâm - Bến tàu Hiệp Bình Chánh,"Công ty Cổ phần Xe khách Phương Trang Futabuslines, ĐT: 1900638494",Phổ thông - Có trợ giá,16.20 km,60 chỗ,05:00 - 22:00,"- Vé lượt trợ giá: 6,000 VNĐ - Vé lượt trợ giá HSSV: 3,000 VNĐ - Vé miễn: 0 VNĐ - Vé tập: 135,000 VNĐ",156 chuyến/ngày,55 phút,10 - 20 phút
90,Phà Bình Khánh - Cần Thạnh,"Công ty Cổ phần Xe khách Phương Trang Futabuslines, ĐT: 1900638494",Phổ thông - Có trợ giá,45.60 km,55 chỗ,04:30 - 20:00,"- Vé lượt trợ giá: 7,000 VNĐ - Vé lượt trợ giá HSSV: 3,000 VNĐ - Vé miễn: 0 VNĐ - Vé tập: 157,500 VNĐ",160 chuyến/ngày,75 phút,6 - 20 phút
91,Bến xe Miền Tây - Chợ nông sản Thủ Đức,"Công ty Cổ phần Xe khách Sài Gòn, ĐT: (028)39505505",Phổ thông - Có trợ giá,25.10 km,47 chỗ,04:30 - 21:00,"- Vé lượt trợ giá: 7,000 VNĐ - Vé lượt trợ giá HSSV: 3,000 VNĐ - Vé miễn: 0 VNĐ - Vé tập: 157,500 VNĐ",102 chuyến/ngày,80 phút,15 - 30 phút
93,Bến Thành - Bến xe Miền Đông mới,"Công ty Cổ phần Xe khách Sài Gòn, ĐT: (028)39505505",Phổ thông - Có trợ giá,26.20 km,68 chỗ,04:30 - 19:15,"- Vé lượt trợ giá: 7,000 VNĐ - Vé lượt trợ giá HSSV: 3,000 VNĐ - Vé miễn: 0 VNĐ - Vé tập: 157,500 VNĐ",120 chuyến/ngày,70 - 80 phút,12 - 20 phút
94,Bến xe buýt Chợ Lớn - Bến xe Củ Chi,"Hợp tác xã vận tải 19/5, ĐT: 18001557 Hợp tác xã vận tải liên tỉnh và du lịch Việt Thắng, ĐT: (028)38.535.935",Phổ thông - Có trợ giá,36.10 km,40 - 80 chỗ,04:00 - 19:00,"- Vé lượt không trợ giá: 10,000 VNĐ - Vé lượt không trợ giá: 20,000 VNĐ - Vé lượt không trợ giá HSSV: 10,000 VNĐ",92 chuyến/ngày,75 phút,12 - 25 phút
95,Ben Xe Mien Dong Kcn Tan Binh,(08) 38.441.224,Phổ thông - Có trợ giá,"19,15",47 - 80 chỗ,05:15 - 18:45,,104 chuyến/ngày,60 - 70 phút,12 - 20 phút
96,Ben Thanh Cho Binh Dien,(08) 38.441.224,Phổ thông - Có trợ giá,"20,7",55 chỗ,03:45 - 21:45,,26 chuyến/ngày,55 phút,30 - 660 phút
99,Chợ Thạnh Mỹ Lợi - Đại học Quốc gia,"Công ty Cổ phần Xe khách Phương Trang Futabuslines, ĐT: 1900638494",Phổ thông - Có trợ giá,27.50 km,55 chỗ,05:00 - 19:30,"- Vé lượt trợ giá: 7,000 VNĐ - Vé lượt trợ giá HSSV: 3,000 VNĐ - Vé miễn: 0 VNĐ - Vé tập: 157,500 VNĐ",162 chuyến/ngày,65 - 75 phút,8 - 15 phút
100,Bến xe Củ Chi - Cầu Tân Thái,"Công ty Cổ phần Xe khách Phương Trang Futabuslines, ĐT: 1900638494",Phổ thông - Có trợ giá,16.80 km,55 chỗ,04:45 - 21:00,"- Vé lượt trợ giá: 6,000 VNĐ - Vé lượt trợ giá HSSV: 3,000 VNĐ - Vé miễn: 0 VNĐ - Vé tập: 135,000 VNĐ",136 chuyến/ngày,35 phút,8 - 20 phút
101,Bến xe buýt Chợ Lớn - Chợ Tân Nhựt,"Công ty Cổ phần Xe khách Phương Trang Futabuslines, ĐT: 1900638494",Phổ thông - Có trợ giá,19.85 km,30 chỗ,05:00 - 20:30,"- Vé lượt trợ giá: 6,000 VNĐ - Vé lượt trợ giá HSSV: 3,000 VNĐ - Vé tập: 135,000 VNĐ",134 chuyến/ngày,55 phút,10 - 20 phút
102,Bến xe buýt Sài Gòn - Nguyễn Văn Linh - Bến xe Miền Tây,"Công ty Cổ phần Xe khách Phương Trang Futabuslines, ĐT: 1900638494",Phổ thông - Có trợ giá,32.72 km,40 - 55 chỗ,04:30 - 19:00,"- Vé lượt trợ giá: 7,000 VNĐ - Vé lượt trợ giá HSSV: 3,000 VNĐ - Vé tập: 157,500 VNĐ",116 chuyến/ngày,80 phút,12 - 20 phút
103,Bến xe buýt Chợ Lớn - Bến xe Ngã tư Ga,"Công ty Cổ phần Xe khách Phương Trang Futabuslines, ĐT: 1900638494",Phổ thông - Có trợ giá,24.90 km,30 chỗ,05:00 - 20:30,"- Vé lượt trợ giá: 6,000 VNĐ - Vé lượt trợ giá HSSV: 3,000 VNĐ - Vé miễn: 0 VNĐ - Vé tập: 135,000 VNĐ",142 chuyến/ngày,85 phút,10 - 15 phút
104,Bến xe An Sương - Bến xe buýt Văn Thánh,"Công ty Cổ phần Xe khách Phương Trang Futabuslines, ĐT: 1900638494",Phổ thông - Có trợ giá,16.10 km,60 chỗ,04:30 - 22:00,"- Vé lượt trợ giá: 6,000 VNĐ - Vé lượt trợ giá HSSV: 3,000 VNĐ - Vé miễn: 0 VNĐ - Vé tập: 135,000 VNĐ",210 chuyến/ngày,45 phút,6 - 20 phút
107,Bến xe Củ Chi - Bố Heo,"Công ty Cổ phần Xe khách Phương Trang Futabuslines, ĐT: 1900638494",Phổ thông - Có trợ giá,15.60 km,55 chỗ,04:45 - 20:00,"- Vé lượt trợ giá: 6,000 VNĐ - Vé lượt trợ giá HSSV: 3,000 VNĐ - Vé miễn: 0 VNĐ - Vé tập: 135,000 VNĐ",84 chuyến/ngày,30 phút,15 - 30 phút
109,Bến xe buýt Sài Gòn - Sân bay Tân Sơn Nhất,"Công ty Cổ phần Xe khách Phương Trang Futabuslines, ĐT: 1900638494",Phổ thông - Có trợ giá,9.30 km,30 chỗ,05:30 - 22:15,"- Vé lượt không trợ giá: 15,000 VNĐ",48 chuyến/ngày,45 phút,40 - 45 phút
110,Hiệp Phước - Phước Lộc,"Công ty Cổ phần vận tải 26, ĐT: 028.6683.2179",Phổ thông - Có trợ giá,26.30 km,40 chỗ,05:00 - 19:45,"- Vé lượt trợ giá: 7,000 VNĐ - Vé lượt trợ giá HSSV: 3,000 VNĐ - Vé miễn: 0 VNĐ - Vé tập: 157,500 VNĐ",100 chuyến/ngày,65 phút,16 - 21 phút
119,San Bay Tan Son Nhat Ben Xe Mien Tay,,Phổ thông - Có trợ giá,,,,,,,
120,Tuyen Xe Buyt Vong Khu Vuc Trung Tam,,Phổ thông - Có trợ giá,,,,,,,
122,Bến xe An Sương - Tân Quy,"Hợp tác xã vận tải 19/5, ĐT: 18001557",Phổ thông - Có trợ giá,19.76 km,60 chỗ,04:45 - 19:30,"- Vé lượt trợ giá: 6,000 VNĐ - Vé lượt trợ giá HSSV: 3,000 VNĐ - Vé miễn: 0 VNĐ - Vé tập: 135,000 VNĐ",250 chuyến/ngày,50 phút,6 - 12 phút
123,Phu My Hung Khu H Quan 1,,Phổ thông - Có trợ giá,,,,,,,
124,Phu My Hung Khu S Quan 1,,Phổ thông - Có trợ giá,,,,,,,
126,Bến xe Củ Chi - Bình Mỹ,"Công ty Cổ phần Xe khách Phương Trang Futabuslines, ĐT: 1900638494",Phổ thông - Có trợ giá,19.40 km,30 chỗ,04:45 - 20:00,"- Vé lượt trợ giá: 6,000 VNĐ - Vé lượt trợ giá HSSV: 3,000 VNĐ - Vé miễn: 0 VNĐ - Vé tập: 135,000 VNĐ",180 chuyến/ngày,40 phút,8 - 15 phút
127,An Thới Đông - Ngã ba Bà Xán,,Phổ thông - Có trợ giá,,,,,,,
128,Tân Điền - An Nghĩa,,Phổ thông - Có trợ giá,,,,,,,
139,Bến xe Miền Tây - Khu Tái Định Cư Phú Mỹ,"Công ty Cổ phần Xe khách Sài Gòn, ĐT: (028)39505505",Phổ thông - Có trợ giá,22.00 km,47 chỗ,04:45 - 19:00,"- Vé lượt trợ giá: 6,000 VNĐ - Vé lượt trợ giá HSSV: 3,000 VNĐ - Vé miễn: 0 VNĐ - Vé tập: 135,000 VNĐ",120 chuyến/ngày,60 - 70 phút,10 - 20 phút
140,Bến xe buýt Sài Gòn - Phạm Thế Hiển - Khu dân cư Phú Lợi,"Công ty Cổ phần vận tải 26, ĐT: 028.6683.2179",Phổ thông - Có trợ giá,21.40 km,40 chỗ,05:00 - 19:30,"- Vé lượt trợ giá: 6,000 VNĐ - Vé lượt trợ giá HSSV: 3,000 VNĐ - Vé miễn: 0 VNĐ - Vé tập: 135,000 VNĐ",80 chuyến/ngày,70 phút,20 - 30 phút
141,Khu du lịch BCR - Long Trường - Khu chế xuất Linh Trung II,"Công ty Cổ phần Xe khách Phương Trang Futabuslines, ĐT: 1900638494",Phổ thông - Có trợ giá,21.80 km,55 chỗ,05:00 - 19:30,"- Vé lượt trợ giá: 6,000 VNĐ - Vé lượt trợ giá HSSV: 3,000 VNĐ - Vé miễn: 0 VNĐ - Vé tập: 135,000 VNĐ",198 chuyến/ngày,65 phút,7 - 15 phút
144,Ben Xe Mien Tay Cho Lon Cv Dam Sen Cu Xa Nhieu Loc,(08) 38.758.875,Phổ thông - Có trợ giá,"14,8",26 - 47 chỗ,05:30 - 18:30,,120 chuyến/ngày,55 phút,12 - 15 phút
145,Bến xe buýt Chợ Lớn - Chợ Hiệp Thành,"Công ty Cổ phần Xe khách Phương Trang Futabuslines, ĐT: 1900638494",Phổ thông - Có trợ giá,23.00 km,60 chỗ,04:30 - 20:30,"- Vé lượt trợ giá: 6,000 VNĐ - Vé lượt trợ giá HSSV: 3,000 VNĐ - Vé miễn: 0 VNĐ - Vé tập: 135,000 VNĐ",134 chuyến/ngày,70 phút,12 - 15 phút
146,Bến xe Miền Đông - Chợ Hiệp Thành,"Công ty Cổ phần Xe khách Phương Trang Futabuslines, ĐT: 1900638494",Phổ thông - Có trợ giá,19.00 km,30 chỗ,04:45 - 20:30,"- Vé lượt trợ giá: 6,000 VNĐ - Vé lượt trợ giá HSSV: 3,000 VNĐ - Vé miễn: 0 VNĐ - Vé tập: 135,000 VNĐ",142 chuyến/ngày,65 phút,10 - 15 phút
148,Bến xe Miền Tây - Gò Vấp,"Công ty Cổ phần Xe khách Sài Gòn, ĐT: (028)39505505",Phổ thông - Có trợ giá,16.70 km,51 chỗ,04:45 - 19:30,"- Vé lượt trợ giá: 6,000 VNĐ - Vé lượt trợ giá HSSV: 3,000 VNĐ - Vé miễn: 0 VNĐ - Vé tập: 135,000 VNĐ",128 chuyến/ngày,50 - 65 phút,12 - 18 phút
149,Cong Vien 23 9 Khu Dan Cu BìNh Hung Hoa,Đt: (08) 38.441.224,Phổ thông - Có trợ giá,"19,5",12 - 40 chỗ,05:15 - 19:00,,130 chuyến/ngày,60 phút,12 - 20 phút
150,Bến xe buýt Chợ Lớn - Bến xe Miền Đông mới,"Công ty TNHH Vận tải sinh thái Vinbus, ĐT: 1900 866 663",Phổ thông - Có trợ giá,26.60 km,68 chỗ,04:00 - 22:00,"- Vé lượt trợ giá: 7,000 VNĐ - Vé lượt trợ giá HSSV: 3,000 VNĐ - Vé miễn: 0 VNĐ - Vé tập: 157,500 VNĐ",180 chuyến/ngày,70 phút,10 - 12 phút
151,Bến xe Miền Tây - Bến xe An Sương,"Công ty Cổ phần Xe khách Phương Trang Futabuslines, ĐT: 1900638494",Phổ thông - Có trợ giá,17.20 km,55 chỗ,04:00 - 20:00,"- Vé lượt trợ giá: 6,000 VNĐ - Vé lượt trợ giá HSSV: 3,000 VNĐ - Vé miễn: 0 VNĐ - Vé tập: 135,000 VNĐ",216 chuyến/ngày,50 phút,7 - 15 phút
152,Khu dân cư Trung Sơn - Bến Thành - Sân bay Tân Sơn Nhất,"Công ty TNHH Du lịch, Dịch vụ Xây dựng Bảo Yến, ĐT: 028.3776.3777",Phổ thông - Có trợ giá,14.55 km,40 - 50 chỗ,05:15 - 19:00,"- Vé lượt trợ giá: 5,000 VNĐ - Vé lượt trợ giá HSSV: 3,000 VNĐ - Vé tập: 112,500 VNĐ",120 chuyến/ngày,50 - 55 phút,12 - 18 phút
153,Bến tàu thủy Bình An – Đường Liên Phường,"Công ty Cổ phần Xe khách Phương Trang Futabuslines, ĐT: 1900638494",Phổ thông - Có trợ giá,16.70 km,30 chỗ,05:00 - 22:00,"- Vé lượt trợ giá: 6,000 VNĐ - Vé lượt trợ giá HSSV: 3,000 VNĐ - Vé miễn: 0 VNĐ - Vé tập: 135,000 VNĐ",158 chuyến/ngày,55 phút,10 - 15 phút
154,Trường Đại học Quản lý và Công nghệ -  Masteri An Phú,"Công ty Cổ phần Xe khách Phương Trang Futabuslines, ĐT: 1900638494",Phổ thông - Có trợ giá,16.85 km,30 chỗ,05:00 - 22:05,"- Vé lượt trợ giá: 6,000 VNĐ - Vé lượt trợ giá HSSV: 3,000 VNĐ - Vé miễn: 0 VNĐ - Vé tập: 135,000 VNĐ",158 chuyến/ngày,55 phút,10 - 15 phút
155,Ga Bến Thành - Nhà hát Thành phố,"Công ty Cổ phần Xe khách Phương Trang Futabuslines, ĐT: 1900638494",Phổ thông - Có trợ giá,6.40 km,30 chỗ,05:00 - 22:00,"- Vé lượt trợ giá: 5,000 VNĐ - Vé lượt trợ giá HSSV: 3,000 VNĐ - Vé miễn: 0 VNĐ - Vé tập: 112,500 VNĐ",57 chuyến/ngày,35 phút,15 - 20 phút
157,Bến xe buýt Văn Thánh -  Khu dân cư Thạnh Mỹ Lợi,"Công ty Cổ phần Xe khách Phương Trang Futabuslines, ĐT: 1900638494",Phổ thông - Có trợ giá,15.50 km,30 chỗ,05:00 - 22:05,"- Vé lượt trợ giá: 6,000 VNĐ - Vé lượt trợ giá HSSV: 3,000 VNĐ - Vé miễn: 0 VNĐ - Vé tập: 135,000 VNĐ",158 chuyến/ngày,55 phút,10 - 15 phút
158,Bến xe buýt Văn Thánh - Cư xá Thanh Đa,"Công ty Cổ phần Xe khách Phương Trang Futabuslines, ĐT: 1900638494",Phổ thông - Có trợ giá,9.80 km,30 chỗ,05:00 - 22:00,"- Vé lượt trợ giá: 5,000 VNĐ - Vé lượt trợ giá HSSV: 3,000 VNĐ - Vé miễn: 0 VNĐ - Vé tập: 112,500 VNĐ",79 chuyến/ngày,25 - 30 phút,10 - 15 phút
159,Chung cư Ngô Tất Tố - Ngã tư Hàng Xanh,"Công ty Cổ phần Xe khách Phương Trang Futabuslines, ĐT: 1900638494",Phổ thông - Có trợ giá,5.20 km,30 chỗ,05:00 - 22:00,"- Vé lượt trợ giá: 5,000 VNĐ - Vé lượt trợ giá HSSV: 3,000 VNĐ - Vé miễn: 0 VNĐ - Vé tập: 112,500 VNĐ",79 chuyến/ngày,20 phút,10 - 15 phút
160,Ga Văn Thánh - Vinhomes Central Park,"Công ty Cổ phần Xe khách Phương Trang Futabuslines, ĐT: 1900638494",Phổ thông - Có trợ giá,4.10 km,30 chỗ,05:00 - 22:00,"- Vé lượt trợ giá: 5,000 VNĐ - Vé lượt trợ giá HSSV: 3,000 VNĐ - Vé miễn: 0 VNĐ - Vé tập: 112,500 VNĐ",57 chuyến/ngày,15 phút,15 - 20 phút
161,Bến xe buýt Văn Thánh – Bến xe Ngã tư Ga,"Công ty Cổ phần Xe khách Phương Trang Futabuslines, ĐT: 1900638494",Phổ thông - Có trợ giá,15.25 km,60 chỗ,05:00 - 22:05,"- Vé lượt trợ giá: 6,000 VNĐ - Vé lượt trợ giá HSSV: 3,000 VNĐ - Vé miễn: 0 VNĐ - Vé tập: 135,000 VNĐ",180 chuyến/ngày,50 - 55 phút,8 - 15 phút
165,Đại học Nông Lâm - Khu Công nghệ cao,"Công ty Cổ phần Xe khách Phương Trang Futabuslines, ĐT: 1900638494",Phổ thông - Có trợ giá,19.80 km,30 chỗ,05:00 - 22:00,"- Vé lượt trợ giá: 6,000 VNĐ - Vé lượt trợ giá HSSV: 3,000 VNĐ - Vé miễn: 0 VNĐ - Vé tập: 135,000 VNĐ",79 chuyến/ngày,60 phút,10 - 15 phút
166,Đại học Quốc Gia - Suối Tiên,,Phổ thông - Có trợ giá,,,,,,,
171,Bến xe Phú Chánh - Trung tâm hành chính Bình Dương - Bến Thành,"Công ty Cổ phần Xe khách Phương Trang Futabuslines, ĐT: 1900638494",Phổ thông - Có trợ giá,46.00 km,16 chỗ,05:30 - 19:25,"- Vé lượt không trợ giá: 15,000 VNĐ - Vé lượt không trợ giá: 30,000 VNĐ - Vé lượt không trợ giá: 70,000 VNĐ",42 chuyến/ngày,100 phút,10 - 120 phút
172,Bến xe Vũng Tàu - Trung tâm hành chính Bà Rịa Vũng Tàu -  Bến Thành,"Công ty Cổ phần Xe khách Phương Trang Futabuslines, ĐT: 1900638494",Phổ thông - Có trợ giá,97.00 km,16 chỗ,04:30 - 19:45,"- Vé lượt không trợ giá: 110,000 VNĐ - Vé lượt không trợ giá: 30,000 VNĐ - Vé lượt không trợ giá: 50,000 VNĐ - Vé lượt không trợ giá: 80,000 VNĐ",38 chuyến/ngày,130 phút,10 phút
156D,Ga Bến Thành - Ga Hòa Hưng - Bệnh viện Mắt TP.HCM,"Công ty Cổ phần Xe khách Phương Trang Futabuslines, ĐT: 1900638494",Phổ thông - Có trợ giá,7.35 km,30 chỗ,05:05 - 22:05,"- Vé lượt trợ giá: 5,000 VNĐ - Vé lượt trợ giá HSSV: 3,000 VNĐ - Vé miễn: 0 VNĐ - Vé tập: 112,500 VNĐ",57 chuyến/ngày,30 phút,15 - 20 phút
156V,Ga Bến Thành - Đại học Sài Gòn Cơ sở 3 - Ga Hòa Hưng,"Công ty Cổ phần Xe khách Phương Trang Futabuslines, ĐT: 1900638494",Phổ thông - Có trợ giá,7.35 km,30 chỗ,05:00 - 22:00,"- Vé lượt trợ giá: 5,000 VNĐ - Vé lượt trợ giá HSSV: 3,000 VNĐ - Vé miễn: 0 VNĐ - Vé tập: 112,500 VNĐ",57 chuyến/ngày,30 phút,15 - 20 phút
162D,Ga Metro Bình Thái - Chung cư Man Thiện - Trường Trung học cơ sở Hoa Lư,"Công ty Cổ phần Xe khách Phương Trang Futabuslines, ĐT: 1900638494",Phổ thông - Có trợ giá,9.50 km,30 chỗ,05:00 - 22:00,"- Vé lượt trợ giá: 5,000 VNĐ - Vé lượt trợ giá HSSV: 3,000 VNĐ - Vé miễn: 0 VNĐ - Vé tập: 112,500 VNĐ",79 chuyến/ngày,30 phút,10 - 15 phút
162V,Ga Metro Bình Thái - Trường Trung học cơ sở Hoa Lư - Chung cư Man Thiện,"Công ty Cổ phần Xe khách Phương Trang Futabuslines, ĐT: 1900638494",Phổ thông - Có trợ giá,9.50 km,30 chỗ,05:05 - 22:05,"- Vé lượt trợ giá: 5,000 VNĐ - Vé lượt trợ giá HSSV: 3,000 VNĐ - Vé miễn: 0 VNĐ - Vé tập: 112,500 VNĐ",79 chuyến/ngày,30 phút,10 - 15 phút
163D,Ga Bình Thái - Trường Trung học cơ sở Phước Bình - Cao đẳng Công Thương,"Công ty Cổ phần Xe khách Phương Trang Futabuslines, ĐT: 1900638494",Phổ thông - Có trợ giá,8.00 km,30 chỗ,05:00 - 22:00,"- Vé lượt trợ giá: 5,000 VNĐ - Vé lượt trợ giá HSSV: 3,000 VNĐ - Vé miễn: 0 VNĐ - Vé tập: 112,500 VNĐ",79 chuyến/ngày,25 phút,10 - 15 phút
163V,Ga Bình Thái - Cao đẳng Công Thương - Trường Trung học cơ sở Phước Bình,"Công ty Cổ phần Xe khách Phương Trang Futabuslines, ĐT: 1900638494",Phổ thông - Có trợ giá,8.00 km,30 chỗ,05:00 - 22:00,"- Vé lượt trợ giá: 5,000 VNĐ - Vé lượt trợ giá HSSV: 3,000 VNĐ - Vé miễn: 0 VNĐ - Vé tập: 112,500 VNĐ",79 chuyến/ngày,25 phút,10 - 15 phút
164D,Đại học Nông Lâm - Ga Metro Khu Công nghệ cao - Chung cư Topaz,"Công ty Cổ phần Xe khách Phương Trang Futabuslines, ĐT: 1900638494",Phổ thông - Có trợ giá,10.40 km,30 chỗ,05:00 - 22:00,"- Vé lượt trợ giá: 5,000 VNĐ - Vé lượt trợ giá HSSV: 3,000 VNĐ - Vé miễn: 0 VNĐ - Vé tập: 112,500 VNĐ",79 chuyến/ngày,35 phút,10 - 15 phút
164V,Đại học Nông Lâm - Chung cư Topaz - Ga Metro Khu Công nghệ cao,"Công ty Cổ phần Xe khách Phương Trang Futabuslines, ĐT: 1900638494",Phổ thông - Có trợ giá,10.40 km,30 chỗ,05:00 - 22:00,"- Vé lượt trợ giá: 5,000 VNĐ - Vé lượt trợ giá HSSV: 3,000 VNĐ - Vé miễn: 0 VNĐ - Vé tập: 112,500 VNĐ",79 chuyến/ngày,35 phút,10 - 15 phút
167D,Đại học Nông Lâm - Khu Chế xuất Linh Trung 1 - Ga Metro Khu Công nghệ cao,,Phổ thông - Có trợ giá,,,,,,,
167V,Đại học Nông Lâm - Ga Metro Khu Công nghệ cao - Khu Chế xuất Linh Trung 1,,Phổ thông - Có trợ giá,,,,,,,
168D,Đại học Ngân Hàng - Ga Thủ Đức - Nhà Thiếu nhi Thành phố Thủ Đức,"Công ty Cổ phần Xe khách Phương Trang Futabuslines, ĐT: 1900638494",Phổ thông - Có trợ giá,5.90 km,30 chỗ,05:00 - 22:00,"- Vé lượt trợ giá: 5,000 VNĐ - Vé lượt trợ giá HSSV: 3,000 VNĐ - Vé miễn: 0 VNĐ - Vé tập: 112,500 VNĐ",79 chuyến/ngày,25 phút,10 - 15 phút
168V,Đại học Ngân hàng - Nhà Thiếu nhi Thành phố Thủ Đức - Ga Thủ Đức,"Công ty Cổ phần Xe khách Phương Trang Futabuslines, ĐT: 1900638494",Phổ thông - Có trợ giá,5.90 km,30 chỗ,05:05 - 22:05,"- Vé lượt trợ giá: 5,000 VNĐ - Vé lượt trợ giá HSSV: 3,000 VNĐ - Vé tập: 112,500 VNĐ",79 chuyến/ngày,25 phút,10 - 15 phút
169D,Ga Metro Bình Thái - Vincom Thủ Đức - Cảng Phúc Long,"Công ty Cổ phần Xe khách Phương Trang Futabuslines, ĐT: 1900638494",Phổ thông - Có trợ giá,7.90 km,30 chỗ,05:05 - 22:05,"- Vé lượt trợ giá: 5,000 VNĐ - Vé lượt trợ giá HSSV: 3,000 VNĐ - Vé miễn: 0 VNĐ - Vé tập: 112,500 VNĐ",79 chuyến/ngày,25 phút,10 - 15 phút
169V,Ga Metro Bình Thái - Cảng Phúc Long - Vincom Thủ Đức,"Công ty Cổ phần Xe khách Phương Trang Futabuslines, ĐT: 1900638494",Phổ thông - Có trợ giá,7.90 km,30 chỗ,05:00 - 22:00,"- Vé lượt trợ giá: 5,000 VNĐ - Vé lượt trợ giá HSSV: 3,000 VNĐ - Vé miễn: 0 VNĐ - Vé tập: 112,500 VNĐ",79 chuyến/ngày,25 phút,10 - 15 phút
60-1,Bến xe Miền Tây - Bến xe Biên Hòa,"Công ty Cổ phần Xe khách Phương Trang Futabuslines, ĐT: 1900638494",Phổ thông - Không trợ giá,62.20 km,40 chỗ,04:45 - 18:30,"- Vé lượt không trợ giá: 10,000 VNĐ - Vé lượt không trợ giá: 20,000 VNĐ - Vé lượt không trợ giá: 30,000 VNĐ - Vé lượt không trợ giá: 45,000 VNĐ - Vé lượt không trợ giá: 7,000 VNĐ - Vé miễn: 0 VNĐ",54 chuyến/ngày,130 phút,20 - 40 phút
60-2,Đại học Nông Lâm - Bến xe Phú Túc,"Hợp tác xã vận tải xe buýt và du lịch Quyết Tiến, ĐT: 028.6678.9396 Hợp tác xã vận tải du lịch số 22, ĐT: (028) 3716 0266 HTX DVVT Thống Nhất",Phổ thông - Không trợ giá,71.00 km,40 - 55 chỗ,05:00 - 18:30,"- Vé lượt không trợ giá: 15,000 VNĐ - Vé lượt không trợ giá: 20,000 VNĐ - Vé lượt không trợ giá: 25,000 VNĐ - Vé lượt không trợ giá: 30,000 VNĐ - Vé lượt không trợ giá: 40,000 VNĐ - Vé lượt không trợ giá HSSV: 10,000 VNĐ",72 chuyến/ngày,124 phút,10 - 30 phút
60-3,Bến xe Miền Đông (cũ) - Khu Công nghiệp Nhơn Trạch,"Công ty Cổ phần Xe khách Phương Trang Futabuslines, ĐT: 1900638494",Phổ thông - Không trợ giá,56.00 km,24 chỗ,04:45 - 18:00,"- Vé lượt không trợ giá: 10,000 VNĐ - Vé lượt không trợ giá: 20,000 VNĐ - Vé lượt không trợ giá: 30,000 VNĐ - Vé lượt không trợ giá: 45,000 VNĐ - Vé lượt không trợ giá: 7,000 VNĐ - Vé lượt không trợ giá HSSV: 5,000 VNĐ",60 chuyến/ngày,110 phút,25 - 30 phút
60-5,Bến xe buýt Đại học Quốc Gia – Bến xe Biên Hòa,"Công ty Cổ phần Xe khách Phương Trang Futabuslines, ĐT: 1900638494",Phổ thông - Không trợ giá,16.00 km,24 - 55 chỗ,05:00 - 19:00,"- Vé lượt không trợ giá: 15,000 VNĐ - Vé lượt không trợ giá: 8,000 VNĐ - Vé lượt không trợ giá HSSV: 5,000 VNĐ - Vé lượt trợ giá HSSV: 3,000 VNĐ",76 chuyến/ngày,40 phút,18 - 25 phút
60-7,Bến xe Miền Đông mới - Bến xe Biên Hòa,"Công ty Cổ phần Xe khách Phương Trang Futabuslines, ĐT: 1900638494",Phổ thông - Không trợ giá,21.40 km,24 chỗ,04:30 - 20:30,"- Vé lượt không trợ giá: 10,000 VNĐ - Vé lượt không trợ giá: 15,000 VNĐ - Vé lượt không trợ giá: 20,000 VNĐ - Vé lượt không trợ giá: 7,000 VNĐ - Vé lượt không trợ giá HSSV: 5,000 VNĐ",130 chuyến/ngày,50 phút,10 - 20 phút
61-05,Thủ Dầu Một - Đại học Quốc gia - Bến xe Miền Đông mới,"Công ty CP Phương Trinh, ĐT: (0274)3.54.54.5 Công ty TNHH Phúc Gia Khang",Phổ thông - Không trợ giá,25.00 km,40 chỗ,05:30 - 18:00,"- Vé lượt không trợ giá: 15,000 VNĐ - Vé lượt không trợ giá: 25,000 VNĐ - Vé lượt không trợ giá: 35,000 VNĐ",26 chuyến/ngày,60 - 65 phút,30 - 90 phút
61-3,Bến xe An Sương - Thủ Dầu Một,"Hợp tác xã vận tải du lịch số 22, ĐT: (028) 3716 0266",Phổ thông - Không trợ giá,34.00 km,47 chỗ,06:00 - 16:30,"- Vé lượt không trợ giá: 15,000 VNĐ - Vé lượt không trợ giá: 20,000 VNĐ - Vé lượt không trợ giá: 25,000 VNĐ",16 chuyến/ngày,75 phút,90 phút
61-77,Thành phố mới - Thành phố Dĩ An - Bến xe Miền Đông mới,"Công ty TNHH Xe buýt Becamex Tokyu, ĐT: (0274) 222 0555",Phổ thông - Không trợ giá,37.20 km,52 - 80 chỗ,,"- Vé lượt không trợ giá: 15,000 VNĐ - Vé lượt không trợ giá HSSV: 5,000 VNĐ",,phút,phút
61-8,Thủ Dầu Một - Bến xe Miền Đông,"Công ty CP Phương Trinh, ĐT: (0274)3.54.54.5",Phổ thông - Không trợ giá,22.00 km,35 chỗ,05:30 - 19:30,"- Vé lượt không trợ giá: 15,000 VNĐ - Vé lượt không trợ giá: 30,000 VNĐ",80 chuyến/ngày,55 - 60 phút,15 - 60 phút
61-9,Thủ Dầu Một - Suối Tiên - Bến xe Miền Đông Mới,"Công ty CP VT Bình Dương, ĐT: (0274) 3822549",Phổ thông - Không trợ giá,33.00 km,40 - 50 chỗ,05:40 - 17:20,"- Vé lượt không trợ giá: 20,000 VNĐ - Vé lượt không trợ giá: 30,000 VNĐ",22 chuyến/ngày,80 phút,60 - 100 phút
62-1,Bến xe buýt Chợ Lớn  - Bến xe Tân Trụ,"Công ty Cổ phần vận tải Thành phố, ĐT: (028)39225033 Hợp tác xã vận tải liên tỉnh và du lịch Việt Thắng, ĐT: (028)38.535.935",Phổ thông - Không trợ giá,47.50 km,40 - 64 chỗ,05:10 - 18:30,"- Vé lượt không trợ giá: 10,000 VNĐ - Vé lượt không trợ giá: 30,000 VNĐ - Vé lượt không trợ giá: 35,000 VNĐ",50 chuyến/ngày,75 phút,24 - 60 phút
62-10,Bến xe buýt Chợ Lớn - Thanh Vĩnh Đông,"Hợp tác xã vận tải liên tỉnh và du lịch Việt Thắng, ĐT: (028)38.535.935 Hợp tác xã vận tải Châu Thành, ĐT: (072)3672244",Phổ thông - Không trợ giá,69.00 km,47 - 65 chỗ,03:53 - 18:23,"- Vé lượt không trợ giá: 15,000 VNĐ - Vé lượt không trợ giá: 28,000 VNĐ - Vé lượt không trợ giá: 42,000 VNĐ - Vé lượt trợ giá: 8,000 VNĐ",50 chuyến/ngày,140 phút,30 phút
62-11,Bến xe buýt Quận 8 - Tân Tập,Minh hiếu HTX Đồng Tâm,Phổ thông - Không trợ giá,36.40 km,27 - 60 chỗ,05:15 - 16:30,"- Vé lượt không trợ giá: 10,000 VNĐ - Vé lượt không trợ giá: 18,000 VNĐ - Vé lượt không trợ giá: 32,000 VNĐ",8 chuyến/ngày,90 phút,150 phút
62-2,Bến xe buýt Chợ Lớn - Ngã ba Tân Lân,"Hợp tác xã vận tải liên tỉnh và du lịch Việt Thắng, ĐT: (028)38.535.935 Thanh Bình-Long An",Phổ thông - Không trợ giá,34.00 km,26 - 55 chỗ,03:50 - 18:55,"- Vé lượt không trợ giá: 10,000 VNĐ - Vé lượt không trợ giá: 18,000 VNĐ - Vé lượt không trợ giá: 22,000 VNĐ - Vé lượt không trợ giá: 8,000 VNĐ - Vé lượt trợ giá: 5,000 VNĐ",78 chuyến/ngày,75 phút,15 - 30 phút
62-3,Bến xe Củ Chi - Bến xe Hậu Nghĩa,"Hợp tác xã vận tải 19/5, ĐT: 18001557",Phổ thông - Không trợ giá,16.00 km,40 - 47 chỗ,04:30 - 18:30,"- Vé lượt không trợ giá: 10,000 VNĐ - Vé lượt không trợ giá: 20,000 VNĐ - Vé lượt không trợ giá HSSV: 10,000 VNĐ - Vé lượt không trợ giá HSSV: 5,000 VNĐ",60 chuyến/ngày,35 phút,25 - 30 phút
62-5,Bến xe An Sương - Bến xe Hậu Nghĩa,"Hợp tác xã vận tải 19/5, ĐT: 18001557",Phổ thông - Không trợ giá,31.76 km,47 chỗ,04:00 - 19:30,"- Vé lượt không trợ giá: 10,000 VNĐ - Vé lượt không trợ giá: 15,000 VNĐ - Vé lượt không trợ giá: 20,000 VNĐ - Vé lượt không trợ giá: 25,000 VNĐ",94 chuyến/ngày,70 phút,15 - 25 phút
62-6,Bến xe buýt Chợ Lớn - Bến xe Hậu Nghĩa,"Hợp tác xã Xe khách liên tỉnh Miền Tây, ĐT: (028)38750193 Hợp tác xã xe DL và VT số 4, ĐT: (028)39691377 Hợp Tác Xã Vận Tải Đức Hòa",Phổ thông - Không trợ giá,36.00 km,25 - 79 chỗ,05:20 - 14:25,"- Vé lượt không trợ giá: 15,000 VNĐ - Vé lượt không trợ giá: 22,000 VNĐ",4 chuyến/ngày,90 phút,167 phút
62-7,Bến xe buýt Chợ Lớn - Bến xe Đức Huệ,"Hợp tác xã vận tải liên tỉnh và du lịch Việt Thắng, ĐT: (028)38.535.935 Đông Thành-Long An Hợp tác xã Xe khách liên tỉnh Miền Tây, ĐT: (028)38750193 Hợp tác xã xe DL và VT số 4, ĐT: (028)39691377 Hợp Tác Xã Vận Tải Đức Hòa",Phổ thông - Không trợ giá,52.00 km,25 - 80 chỗ,04:50 - 17:00,"- Vé lượt không trợ giá: 10,000 VNĐ - Vé lượt không trợ giá: 15,000 VNĐ - Vé lượt không trợ giá: 22,000 VNĐ - Vé lượt không trợ giá: 8,000 VNĐ - Vé lượt trợ giá: 9,000 VNĐ",40 chuyến/ngày,115 phút,20 - 60 phút
62-8,Bến xe buýt Chợ Lớn - Bến xe Tân An,"Hợp tác xã vận tải liên tỉnh và du lịch Việt Thắng, ĐT: (028)38.535.935 Hợp tác xã Xe khách liên tỉnh Miền Tây, ĐT: (028)38750193 HTX VT Trung Dũng Cty Cổ Phần Vận Tải Long An",Phổ thông - Không trợ giá,42.00 km,40 - 90 chỗ,04:30 - 19:30,"- Vé lượt không trợ giá: 15,000 VNĐ - Vé lượt không trợ giá: 18,000 VNĐ - Vé lượt không trợ giá: 22,000 VNĐ - Vé lượt không trợ giá: 30,000 VNĐ - Vé lượt không trợ giá: 8,000 VNĐ",88 chuyến/ngày,80 phút,19 - 35 phút
62-9,Bến xe buýt Quận 8 - Thị xã Gò Công,"Hợp tác xã vận tải liên tỉnh và du lịch Việt Thắng, ĐT: (028)38.535.935 Hợp tác xã Xe khách liên tỉnh Miền Tây, ĐT: (028)38750193 Hợp tác xã xe DL và VT số 4, ĐT: (028)39691377 Hợp Tác Xã Vận tải Đồng Hiệp HTX Giao thông vận tải Gò Công Tây Hợp tác xã vận tải thủy bộ Toàn Thắng",Phổ thông - Không trợ giá,38.20 km,29 - 90 chỗ,03:15 - 19:00,"- Vé lượt không trợ giá: 10,000 VNĐ - Vé lượt không trợ giá: 30,000 VNĐ - Vé lượt không trợ giá: 40,000 VNĐ",108 chuyến/ngày,100 phút,15 - 30 phút
63-1,Bến xe buýt Tân Phú - Bến xe Tiền Giang,"Công ty Cổ phần Xe khách Phương Trang Futabuslines, ĐT: 1900638494",Phổ thông - Không trợ giá,85.00 km,26 chỗ,04:45 - 18:15,"- Vé lượt không trợ giá: 12,000 VNĐ - Vé lượt không trợ giá: 30,000 VNĐ - Vé lượt không trợ giá: 40,000 VNĐ - Vé lượt không trợ giá: 70,000 VNĐ",64 chuyến/ngày,180 phút,20 - 30 phút
70-1,Bến xe Củ Chi - Bến xe Tây Ninh,"Hợp tác xã vận tải xe buýt và du lịch Quyết Tiến, ĐT: 028.6678.9396 Hợp Tác Xã Du Lịch Vận Tải Đồng Tiến",Phổ thông - Không trợ giá,66.00 km,40 - 64 chỗ,03:00 - 19:00,"- Vé lượt không trợ giá: 15,000 VNĐ - Vé lượt không trợ giá: 25,000 VNĐ - Vé lượt không trợ giá: 8,000 VNĐ",80 chuyến/ngày,107 - 115 phút,20 - 25 phút
70-2,Bến xe Củ Chi - Tòa Thánh - Khu du lịch Núi Bà Đen,"Hợp tác xã vận tải 19/5, ĐT: 18001557",Phổ thông - Không trợ giá,73.00 km,40 - 51 chỗ,02:55 - 19:00,"- Vé lượt không trợ giá: 10,000 VNĐ - Vé lượt không trợ giá: 15,000 VNĐ - Vé lượt không trợ giá: 30,000 VNĐ - Vé lượt không trợ giá: 35,000 VNĐ - Vé lượt không trợ giá: 40,000 VNĐ",68 chuyến/ngày,105 phút,20 - 30 phút
72-1,Sân bay Tân Sơn Nhất – Đường cao tốc – Bến xe Vũng Tàu,"Công ty Cổ phần đầu tư AVIGO, ĐT: (028) 22422229 Công ty TNHH Toàn Thắng, ĐT: 19006968",Phổ thông - Không trợ giá,108.00 km,17 - 19 chỗ,04:00 - 23:00,"- Vé lượt không trợ giá: 150,000 VNĐ - Vé lượt không trợ giá: 200,000 VNĐ",78 chuyến/ngày,150 phút,15 - 60 phút
72-2B,Thành phố Vũng Tàu - Sân bay Tân Sơn Nhất,"Chi nhánh Công ty liên doanh vận chuyển Quốc tế Hải Vân tại Bà Rịa - Vũng Tàu, ĐT: 19006763",Phổ thông - Không trợ giá,110.00 km,chỗ,02:40 - 23:30,"- Vé lượt không trợ giá: 150,000 VNĐ",110 chuyến/ngày,180 - 190 phút,20 phút
D4,Vinhomes Grand Park - Bến xe buýt Sài Gòn,"Công ty TNHH Vận tải sinh thái Vinbus, ĐT: 1900 866 663",Phổ thông - Có trợ giá,29.50 km,67 chỗ,05:00 - 22:00,"- Vé lượt không trợ giá: 7,000 VNĐ - Vé lượt trợ giá HSSV: 3,000 VNĐ - Vé tập: 157,500 VNĐ",108 chuyến/ngày,80 phút,15 - 20 phút
DL01,Tuyến xe  du lịch vòng khu vực trung tâm thành phố,"Công ty TNHH Ảnh Việt Hop on - Hop off VN, ĐT: (028) 3526 8266",Không trợ giá - Du lịch,12.70 km,60 chỗ,00:00 - 23:00,,24 chuyến/ngày,60 phút,60 phút
DL02,City Tour Sài Gòn - Gia Định,Công ty Cổ phần du lịch Việt Nam - Hà Nội,Không trợ giá - Du lịch,0 m,48 - 60 chỗ,09:00 - 17:30,,18 chuyến/ngày,30 phút,30 phút
DL03,"Vận chuyển hành khách bằng xe 2 tầng, thoáng nóc Sài Gòn – Chợ Lớn","Công ty TNHH Ảnh Việt Hop on - Hop off VN, ĐT: (028) 3526 8266",Không trợ giá - Du lịch,20.50 km,60 chỗ,08:00 - 22:30,"- Vé lượt không trợ giá: 150,000 VNĐ - Vé lượt không trợ giá: 200,000 VNĐ - Vé lượt không trợ giá: 300,000 VNĐ - Vé lượt không trợ giá: 350,000 VNĐ - Vé lượt không trợ giá: 400,000 VNĐ - Vé lượt không trợ giá: 50,000 VNĐ - Vé lượt không trợ giá: 500,000 VNĐ",30 chuyến/ngày,90 phút,30 phút
DL04,City tour Sài Gòn - Chợ Lớn,Công ty Cổ phần du lịch Việt Nam - Hà Nội,Không trợ giá - Du lịch,2.22 km,chỗ,09:00 - 16:00,"- Vé lượt không trợ giá: 10,000 VNĐ",8 chuyến/ngày,80 phút,60 phút
DL05,Bến xe buýt Sài Gòn - Tân Định,Công ty CP VT DL&TT Viet BigBus,Không trợ giá - Du lịch,24.00 km,60 chỗ,08:00 - 22:00,"- Vé lượt không trợ giá: 450,000 VNĐ",15 chuyến/ngày,95 phút,60 phút
HS-01,Hà Quang Vóc - Trường THCS Bình Khánh,Hợp tác xã Tân Tiến,Học sinh - Có trợ giá,3.80 km,29 chỗ,05:55 - 17:19,- Vé lượt trợ giá HSSV: 0 VNĐ,22 chuyến/ngày,7 phút,14 phút
HS-02,Bà Xán - Trường THCS Bình Khánh,Hợp tác xã Tân Tiến,Học sinh - Có trợ giá,7.10 km,29 chỗ,05:55 - 17:25,- Vé lượt trợ giá HSSV: 0 VNĐ,20 chuyến/ngày,12 phút,1 phút
HS-03,Đường Trần Quang Quờn (Khu dân cư kho lúa) - Trường THCS Bình Khánh,Hợp tác xã Tân Tiến,Học sinh - Có trợ giá,1.40 km,29 chỗ,06:12 - 17:05,- Vé lượt trợ giá HSSV: 0 VNĐ,10 chuyến/ngày,5 phút,8 phút
HS-04,Rừng Sác (Bình Khánh) - Trường THCS Bình Khánh,Hợp tác xã Tân Tiến,Học sinh - Có trợ giá,2.60 km,29 chỗ,06:00 - 17:27,- Vé lượt trợ giá HSSV: 0 VNĐ,130 chuyến/ngày,5 phút,1 phút
HS-05,Hà Quang Vóc - Trường THPT Bình Khánh,Hợp tác xã Tân Tiến,Học sinh - Có trợ giá,3.80 km,29 chỗ,06:05 - 17:18,- Vé lượt trợ giá HSSV: 0 VNĐ,8 chuyến/ngày,6 phút,25 phút
HS-06,Bà Xán - Trường THPT Bình Khánh,Hợp tác xã Tân Tiến,Học sinh - Có trợ giá,7.10 km,29 chỗ,06:00 - 17:11,- Vé lượt trợ giá HSSV: 0 VNĐ,8 chuyến/ngày,11 phút,10 phút
HS-07,Đường Rừng Sác (Bình Khánh) - Trường THPT Bình Khánh,Hợp tác xã Tân Tiến,Học sinh - Có trợ giá,2.60 km,29 chỗ,06:15 - 16:39,- Vé lượt trợ giá HSSV: 0 VNĐ,61 chuyến/ngày,5 - 125 phút,1 phút
MRT1,Bến Thành - Suối Tiên,Công ty TNHH MTV Đường sắt đô thị số 1,Phổ thông - Có trợ giá,18.82 km,930 chỗ,05:00 - 22:00,"- Vé lượt trợ giá: 20,000 VNĐ",243 chuyến/ngày,29 phút,6 - 12 phút
SWB1,Bạch Đằng - Linh Đông,"Cty TNHH Thường Nhật, ĐT: 1900636830",Không trợ giá - Du lịch,10.80 km,75 chỗ,07:10 - 18:20,"- Vé lượt không trợ giá: 15,000 VNĐ",12 chuyến/ngày,42 - 52 phút,55 phút