Số tuyến,Tên tuyến,,,Trạm ,Cự ly,Thời gian hoạt động,Thời gian chuyến,Tuần suất mỗi chuyến,Loại xe,Đơn vị đảm nhiệm,Hình thức thanh toán,Ghi chú
1,"Bến Thành
Công trường Mê Linh
Thi Sách, Phường Sài Gòn",↔,"Chợ Lớn
Bến xe buýt Chợ Lớn A, Phường Bình Tây",Công trường Mê Linh-Thi Sách-Công trường Mê Linh-Tôn Đức Thắng-Hàm Nghi - Phó Đức Chính - Nguyễn Thái Bình - Ký Con - Trần Hưng Đạo-Nguyễn Tri Phương-Trần Phú-Trần Hưng Đạo-Châu Văn Liêm-Hải Thượng Lãn Ông-Trang Tử-Ga Chợ Lớn A,"8,59 km",05:00 - 20:15,35 phút,15 – 18 phút,Samco City Hi-Class I.47 Samco City Hi-Class I.50,"Công ty TNHH Du lịch, Dịch vụ Xây dựng Bảo Yến (Bao Yen Group)","Tiền mặt
Thẻ ngân hàng
Ví điện tử",
3,"Bến Thành
 Bến xe buýt Sài Gòn, Phường Bến Thành",↔,"Thạnh Xuân Bãi xe Thạnh Xuân 52
Thạnh Xuân 52, Phường Thới An",Ga hành khách xe buýt Sài Gòn (Công viên 23/9) – Phạm Ngũ Lão – Yersin – Trần Hưng Đạo – Hàm Nghi - Hồ Tùng Mậu - đường nhánh S2 - Tôn Đức Thắng - Hai Bà Trưng - Phan Đình Phùng - Nguyễn Kiệm - Nguyễn Thái Sơn - Phạm Ngũ Lão - Nguyễn Oanh - Hà Huy Giáp - Thạnh Lộc 22 - Bến Thạnh Lộc 29.,"20,6 km",04:00 - 21:00,60 – 65 phút,6 – 12 phút,Kim Long B60 EV,,"Tiền mặt
FutaPay",Tuyến xe điện
4,,Cộng Hòa ↔,"Bến xe An Sương
Lê Quang Đạo, Xã Bà Điểm",Bến Công viên 23/9 – Phạm Ngũ Lão – Yersin – Trần Hưng Đạo – Hàm Nghi - Pasteur - Võ Thị Sáu - Nam Kỳ Khởi Nghĩa - Nguyễn Văn Trỗi – Phan Đình Giót - Phan Thúc Duyện - Trần Quốc Hoàn - Cộng Hòa - Trường Chinh - ngã 4 An Sương - Quốc Lộ 22 - Quay đầu tại ngã 3 Công ty Việt Hưng – Quốc lộ 22 - BX An Sương,"16,42 km",05:00 - 20:15,50 – 70 phút,8 – 10 phút,"Thaco Garden 79CT Samco City Hi-Class I.47
Samco City Hi-Class I.50","Công ty TNHH Du lịch, Dịch vụ Xây dựng Bảo Yến (Bao Yen Group)","Tiền mặt
Thẻ ngân hàng
Ví điện tử",
6,"Chợ Lớn
Bến xe buýt Chợ Lớn A, Phường Bình Tây",↔,"Đại học Nông Lâm
Đỗ Mười, Phường Linh Xuân",Ga Chợ Lớn A-Lê Quang Sung-Nguyễn Thị Nhỏ-Hồng Bàng-An Dương Vương-Nguyễn Văn Cừ-Nguyễn Thị Minh Khai-Xô Viết Nghệ Tĩnh-Điện Biên Phủ-Xa lộ Hà Nội-Nguyễn Văn Bá-Đặng Văn Bi-Võ Văn Ngân - Ngã tư Thủ Đức -Xa lộ Hà Nội-Tân Lập 1- Đường song hành phải Xa lộ Hà Nội-Đường D1-Xa lộ Hà Nội-Quốc lộ 1A-Bến Trường Đại học Nông Lâm.,"26,5 km",04:55 - 21:00,70 phút,8 – 15 phút,Samco City H.68 CNG Samco City Hi-Class H.76 CNG,,"Tiền mặt
Thẻ ngân hàng",
7,,↔,"Gò Vấp
Bãi hậu cần số 1
Phan Văn Trị, Phường An Nhơn",Ga Chợ Lớn - Lê Quang Sung - Phạm Đình Hổ - Tháp Mười - Hải Thượng Lãng Ông - Châu Văn Liêm - Hồng Bàng - An Dương Vương - Nguyễn Tri Phương - 3 Tháng 2 - Vòng Xoay Công Trường Dân Chủ - Nguyên Phúc Nguyên - Ga Sài Gòn - Nguyễn Thông - Kỳ Đồng - Trần Quốc Thảo - Lê Văn Sỹ - Trần Huy Liệu - Nguyễn Văn Trỗi - Phan Đình Giót - Phổ Quang - Hoàng Minh Giám - Nguyễn Thái Sơn - Phan Văn Trị - Bãi Hậu Cần Số 1,"15,5 km",04:00 - 20:00,65 phút,10 – 20 phút,Kim Long B55,,"Tiền mặt
FutaPay",
8,"Bến xe buýt Quận 8
Quốc lộ 50, Phường Bình Đông",↔,"Đại học Quốc gia
Bến xe buýt khu A, Đại học Quốc gia
Phường Đông Hòa",Bến xe Quận 8 - Quốc lộ 50 - cầu Nhị Thiên Đường - Tùng Thiện Vương - cầu Chà Và - Hải Thượng Lãn Ông - quay đầu - Triệu Quang Phục-Hải Thượng Lãn Ông - Châu Văn Liêm - Hồng Bàng - Lý Thường Kiệt - Hoàng Văn Thụ -Phan Đăng Lưu - Bạch Đằng - Xô Viết Nghệ Tĩnh - Quốc lộ 13-Phạm Văn Đồng - Kha Vạn Cân - Võ Văn Ngân –Ngã tư Thủ Đức - Xa lộ Hà Nội - Quốc lộ 1 - quay đầu trên cầu vượt – Quốc lộ 1 - (ngã ba đường vào khu ký túc xá) - (ngã ba đường vào Trường ĐH Quốc Tế) - (ngã ba đường vào Trường ĐH Khoa Học Tự Nhiên) - Bến xe buýt A Khu ĐH Quốc Gia TP.HCM.,"32,7 km",04:40 - 20:30,80 – 90 phút,3 – 10 phút,Samco City H.68 CNG,,Tiền mặt,
9,"Chợ Lớn
Bến xe buýt Chợ Lớn A, Phường Bình Tây",Quốc lộ 1A ↔,"Hưng Long
Bãi xe Hưng Long
Đoàn Nguyễn Tuấn, Xã Hưng Long",Bến xe Chợ Lớn - Phạm Đình Hổ - Hồng Bàng - Kinh Dương Vương - Quốc lộ 1A - Đinh Đức Thiện - Hương Lộ 11 - Hưng Long,25 km,03:45 - 19:30,70 phút,8 – 15 phút,Golden Dragon B55,,"Tiền mặt
FutaPay",
10,"Đại học Quốc gia
Bến xe buýt khu A, Đại học Quốc gia
Phường Đông Hòa",↔,"Bến xe Miền Tây
Kinh Dương Vương, Phường An Lạc",Bến xe buýt A Khu đô thị ĐH Quốc Gia TP.HCM - Đường 621 - Xa lộ Hà Nội - Điện Biên Phủ - Đinh Tiên Hoàng - Võ Thị Sáu - Đường 3/2 - Nguyễn Tri Phương - Ngô Gia Tự - Hồng Bàng - Châu Văn Liêm - Hải Thương Lãn Ông - Lê Quang Sung - Phạm Đình Hổ - Hậu Giang - Kinh Dương Vương - Bến xe Miền Tây (trả khách) - Kinh Dương Vương - Chỗ đậu xe buýt tại Bến xe Miền Tây.,"30,85 km",04:45 - 21:00,80 phút,15 – 25 phút,Samco City H.68 CNG Samco City Hi-Class I.51 CNG,,"Tiền mặt
Thẻ ngân hàng",
13,"Bến Thành
Bến xe buýt Sài Gòn, Phường Bến Thành",↔,"Bến xe Củ Chi
Phan Văn Khải, Xã Tân An Hội",TĐH xe buýt Sài Gòn -Phạm Ngũ Lão -Yersin - Trần Hung Đạo - Bến Thành - Lê Lai - Phạm Hồng Thái - Cách Mạng Tháng Tám - Hoàng Văn Thụ - Xuân Diệu - Xuân Hồng - Trường Chinh - Quốc lộ 22 - Bến xe Củ Chi,"36,3 km",04:00 - 19:45,,15 – 20 phút,Samco City Hi-Class H.76 CNG,HTX Vận tải 19/5,Tiền mặt,Không trợ giá
14,"Bến xe Miền Đông
Đinh Bộ Lĩnh, Phường Bình Thạnh",↔,"Bến xe Miền Tây
Kinh Dương Vương, Phường An Lạc",Bến xe Miền Đông - Đinh Bộ Lĩnh - Nguyễn Xí - Ung Văn Khiêm - Đường D2 - Điện Biên Phủ - Vòng xoay Hàng Xanh – Xô Viết Nghệ Tĩnh – Nguyễn Thị Minh Khai - Phùng Khắc Khoan - Trần Cao Vân - Võ Văn Tần - Bà Huyện Thanh Quan - Nguyễn Thị Minh Khai - Lý Thái Tổ - 3 Tháng 2 - Hồng Bàng - Kinh Dương Vương – Bến xe Miền Tây (trả khách) – Kinh Dương Vương – Bến xe Miền Tây.,"16,4 km",04:00 - 20:30,60 phút,6 – 12 phút,Kim Long B55,,"Tiền mặt
FutaPay",
15,"Chợ Phú Định
Bãi xe Chợ Phú Định
Đường 44 Trương Đình Hội (Phạm Đức Sơn), Phường Phú Định",↔,"Đầm Sen
Bãi xe buýt Đầm Sen
Hòa Bình, Phường Bình Thới",Chợ Phú Định(đậu xe trên đường 44 cạnh trường THPT chuyên NK TDTT Nguyễn Thị Định) - Đường 44 - Đường 41 - Phú Định - Trương Đình Hội -An Dương Vương - Hồ Học Lãm - Quốc lộ 1A - Hương lộ 2 - Hòa Bình - BÃI XE BUÝT ĐẦM SEN,"17,1 km",05:00 - 19:00,50 phút,20 – 22 phút,Bahai HC B40 (2013),,Tiền mặt,
16,"Chợ Lớn
Bến xe buýt Chợ Lớn A, Phường Bình Tây",↔,"Bến xe buýt Tân Phú
Trường Chinh, Phường Tây Thạnh",Ga Chợ Lớn B – đường Lê Quang Sung – đường Nguyễn Thị Nhỏ – đường Hồng Bàng – đường Tân Hòa Đông – đường Trương Phước Phan – đường Chiến Lược – đường Đất Mới – đường Hương lộ 2 – đường Mã Lò – đường Tân Kỳ Tân Quý – hẻm 414 Tân Kỳ Tân Quý – đường Bờ bao Tân Thắng – đường Lê Trọng Tấn – đường Dương Đức Hiền – đường Chế Lan Viên – đường Trường Chinh – Bến xe Tân Phú.,"16,8 km",05:00 - 19:00,55 phút,12 – 20 phút,Golden Dragon B55,,"Tiền mặt
FutaPay",
18,"Bến Thành
 Bến xe buýt Sài Gòn, Phường Bến Thành",↔,"Chợ Hiệp Thành
Bến xe buýt Hiệp Thành
Hiệp Thành 17, Phường Tân Thới Hiệp",Bến CV 23/9 -Phạm Ngũ Lão - Yersin - Trần Hưng Đạo - Hàm Nghi - Pasteur - Lê Duẩn - Đinh Tiên Hoàng – Phan Đăng Lưu - Nơ Trang Long - Lê Quang Định - Nguyễn Văn Nghi - Quang Trung - Tô Ký – Nguyễn Ảnh Thủ - HT13 - Chợ Hiệp Thành.,"22,73 km",04:30 - 22:00,75 phút,8 – 15 phút,Kim Long B60 EV,,,Tuyến xe điện
19,,Khu chế xuất Linh Trung ↔,"Đại học Quốc gia
Bến xe buýt khu A, Đại học Quốc gia
Phường Đông Hòa",Bến Công viên 23/9 - Phạm Ngũ Lão - Yersin - Trần Hưng Đạo - Hàm Nghi - Hồ Tùng Mậu – đường nhánh S2 - Tôn Đức Thắng - Hai Bà Trưng - Lê Duẩn - Đinh Tiên Hoàng-Nguyễn Thị Minh Khai - Xô Viết Nghệ Tĩnh - Quốc lộ 13 - Quốc lộ 1 - (Trạm 2) - quay đầu trên cầu vượt - Quốc lộ 1 - đường 621 – (Rẽ trái) - Bến xe buýt A Khu đô thị ĐH Quốc Gia TP.HCM.,"27,43 km",05:00 - 20:15,80 phút,8 – 12 phút,Foton AUV B75 CNG,HTX Vận tải 19/5,Tiền mặt,
20,,↔,"Nhà Bè
Bến xe buýt Bình Khánh
Huỳnh Tấn Phát, Xã Nhà Bè",Bãi xe buýt công viên 23/9 - Phạm Ngũ Lão - Yersin – Trần Hưng Đạo – Hàm Nghi - Tôn Đức Thắng - cầu Khánh Hội - Nguyễn Tất Thành - cầu Tân Thuận 2 - Nguyễn Văn Linh - Huỳnh Tấn Phát - Bến Mũi Nhà Bè.,"16,93 km",04:20 - 21:15,50 phút,5 – 17 phút,Samco City D.65,Công ty Cổ phần Vận tải 26,"Tiền mặt
Thẻ ngân hàng
Ví điện tử",
22,"Bến xe buýt Quận 8
Quốc lộ 50, Phường Bình Đông",↔,"Khu công nghiệp Lê Minh Xuân
Trần Đại Nghĩa, Xã Bình Lợi",Bến xe Quận 8 - Quốc lộ 50 - Nguyễn Văn Linh - Đường vào chợ đầu mối Bình Điền - Chợ đầu mối Bình Điền - quay đầu - Nguyễn Văn Linh - Quốc lộ 1A - Nguyễn Hữu Trí - Cầu Chợ Đệm – Nguyễn Cửu Phú - Thế Lữ - Khu di tích Láng Le Bàu Cò - Láng Le Bàu Cò - Khu Công nghiệp Lê Minh Xuân.,"22,75 km",04:20 - 19:00,65 phút,12 – 26 phút,Samco City I.47,,,
23,"Chợ Lớn
Bến xe buýt Chợ Lớn B, Phường Bình Tây",Ngã 3 Giồng ↔,"Cầu Lớn
Bến xe buýt Cầu Lớn
Nguyễn Văn Bứa, Xã Xuân Thới Sơn",Bến xe Chợ Lớn - Hồng Bàng - Tạ Uyên - Lãnh Binh Thăng - Ông Ích Khiêm - Hòa Bình - Khuông Việt - Âu Cơ - Nguyễn Hồng Đào - Trường Chinh - Phan Văn Hớn - Nguyễn Văn Bứa - Cầu Lớn,"23,45 km",04:00 - 20:30,75 phút,10 – 15 phút,Kim Long B60 EV,,"Tiền mặt
FutaPay",Tuyến xe điện
24,"Bến xe Miền Đông
Đinh Bộ Lĩnh, Phường Bình Thạnh",↔,"Hóc Môn
Bến xe buýt Hóc Môn
Lê Quang Đạo, Xã Xuân Thới Sơn",Bến xe Miền Đông - Đinh Bộ Lĩnh - Bạch Đằng - Lê Quang Định - Nguyễn Văn Nghi - Quang Trung - cầu vượt Quang Trung - Tô Ký - quay đầu (đường TCH 33) - Tô Ký - Quốc lộ 1A - Quốc lộ 22 - Nguyễn Ảnh Thủ - Tô Ký - Lý Thường Kiệt - Quốc lộ 22 - Hương lộ 60B - Bến 19/5.,"27,2 km",,,5 – 12 phút,,,,
25,"Bến xe buýt Quận 8
Quốc lộ 50, Phường Bình Đông",↔,"Khu dân cư Vĩnh Lộc A
Bãi xe khu dân cư Vĩnh Lộc A
Đường số 1, Xã Vĩnh Lộc",Bến xe Quận 8 - Quốc lộ 50 - (cầu Nhị Thiên Đường) - Tùng Thiện Vương - (cầu Chà Và) - Hải Thượng Lãn Ông - (quay đầu) - Hải Thượng Lãn Ông - Lê Quang Sung - Phạm Đình Hổ - Hậu Giang - Kinh Dương Vương - Tên Lửa - Đường số 1 - Đường số 22 - Đường số 19 - Tên Lửa - Trần Văn Giàu (Đường số 7 cũ) - Đường số 40 - Tỉnh lộ 10 - Quốc lộ 1A - Tây Lân - Bến Lội - Liên Ấp 123 - Võ Văn Vân - Hương lộ 80 - Đường vào Khu dân cư Vĩnh Lộc A - Khu dân cư Vĩnh Lộc A.,"22,3 km",04:30 - 21:00,60 phút,10 – 20 phút,,,,
27,"Bến xe buýt Sài Gòn
Phường Bến Thành",Âu Cơ ↔,"Bến xe An Sương
Lê Quang Đạo, Xã Bà Điểm",Bãi xe buýt Công viên 23/9 - Phạm Ngũ Lão - Đỗ Quang Đấu - Lê Lai - Cống Quỳnh - Nguyễn Thị Minh Khai - Lý Thái Tổ - 3 Tháng 2 - Lê Đại Hành - Âu Cơ - Trường Chinh - Quốc Lộ 22 - (quay đầu tại Ngã 3 Công ty Việt Hưng) - Quốc Lộ 22 - Bến xe An Sương,"15,6 km",05:00 - 20:00,55 – 65 phút,8 – 14 phút,Samco City H.68 CNG,,"Tiền mặt
Thẻ ngân hàng",
28,,↔,"Chợ Xuân Thới Thượng
Bãi xe Chợ Xuân Thới Thượng
Xuân Thới Thượng 17, Xã Bà Điểm",Bãi xe buýt Công viên 23/9-Phạm Ngũ Lão -Yersin - Trần Hưng Đạo - Nguyễn Thái Học - Nguyễn Thị Nghĩa - Cách Mạng Tháng 8-Nguyễn Thị Minh Khai-Lê Quý Đôn-Võ Thị Sáu-Trần Quốc Thảo-Lê Văn Sỹ-Lăng Cha Cả-Cộng Hòa-Trường Chinh-Tây Thạnh-CN2-CN1-Lê Trọng Tấn – ngã 5 Vĩnh Lộc – Nguyễn Thị Tú - Vĩnh Lộc - Quách Điêu-Dương Công Khi-Ngã 4 Vĩnh Lộc - Phan Văn Hớn-Đường Tuyến 1 - Chợ Xuân Thới Thượng(vị trí đậu xe trên đường tuyến 1),"26,45 km",04:45 - 20:30,80 phút,10 – 15 phút,Kim Long B30 EV,,"Tiền mặt
FutaPay",Tuyến xe điện
29,"Phà Cát Lái
Bãi xe bến phà Cát Lái
Đường A, Phường Cát Lái",↔,"Chợ nông sản Thủ Đức
Bãi xe Chợ nông sản Thủ Đức
Đỗ Mười, Phường Tam Bình",Bãi đậu xe trên đường A-(rẽ trái)-Nguyễn Thị Định-(cầu Mỹ Thủy 1) -Nguyễn Thị Định-Lê Văn Thịnh-Nguyễn Duy Trinh (chung cư Bình Trưng)-Đỗ Xuân Hợp-đường Liên phường- đường D5-đường D3-Đỗ Xuân Hợp-(ngã 4 Bình Thái)-Nguyễn Văn Bá-Đặng Văn Bi-Võ Văn Ngân-Tô Ngọc Vân-Tam Hà-Phú Châu-Tô Ngọc Vân-Gò Dưa-(cầu vượt Gò Dưa)-Tỉnh lộ 43-Quốc lộ 1A-Chợ nông sản Thủ Đức.,"20,75 km",05:00 - 19:30,70 phút,8 – 15 phút,Golden Dragon B55,,,
30,"Cư xá Nhiêu Lộc
Lê Thúc Hoạch, Phường Phú Thọ Hòa",↔,"Bến xe buýt Văn Thánh
Nguyễn Văn Thương, Phường Thạnh Mỹ Tây",Bến xe buýt Cư xá Nhiêu Lộc - Lê Thúc Hoạch – Bình Long - Tân Hương - Độc Lập - Lũy Bán Bích – Âu Cơ - Trương Công Định - Trường Chinh - (Ngã tư Bảy Hiền) - Cách Mạng Tháng 8 - Điện Biên Phủ - Phạm Ngọc Thạch - Đồng Khởi - Lê Duẩn - Nguyễn Bỉnh Khiêm - Tôn Đức Thắng - Nguyễn Hữu Cảnh - (Cầu Sài gòn) -Xa lộ Hà Nội - (Trạm 2) - Quốc lộ 1 - quay đầu trên cầu vượt - Đường 621 - Trường ĐH Quốc tế - (quay đầu) - đường nhánh N2 - Bến A Đại học Quốc Gia,"18,30 km",05:00 - 22:00,50 phút,10 – 20 phút,Kim Long B60 EV,,,Tuyến xe điện
31,"Đại học Tôn Đức Thắng
Nguyễn Hữu Thọ, Phường Tân Hưng",Bến Thành ↔,"Đại học Văn Lang
Công viên Đặng Thùy Trâm
Đặng Thùy Trâm, Phường Bình Lợi Trung",Trường Đại học Tôn Đức Thắng - Nguyễn Hữu Thọ - Nguyễn Thị Thập - Nguyễn Văn Linh - Huỳnh Tấn Phát - (Cầu Tân Thuận 1) - Nguyễn Tất Thành - Hoàng Diệu - Nguyễn Thái Học - Trần Hưng Đạo - Hàm Nghi - Pasteur - Nguyễn Thị Minh Khai - Hai Bà Trưng - Trần Quang Khải - Đinh Tiên Hoàng - Phan Đăng Lưu - Nơ Trang Long - Bình Lợi - Hẻm 352 Bình Lợi - Đặng Thùy Trâm - Quay đầu tại hẻm 69 Đặng Thùy Trâm - Đặng Thùy Trâm - Công viên Đặng Thùy Trâm.,"21,27 km",,80 phút,,,,,
32,"Bến xe Miền Tây
Kinh Dương Vương, Phường An Lạc",↔,"Bến xe Ngã tư Ga
Đỗ Mười, Phường An Phú Đông",Bến xe Miền Tây - Kinh Dương Vương – Đặng Nguyên Cẩn –Tân Hóa – Lũy Bán Bích – Hòa Bình – Tô Hiệu - Nguyễn Lý - Lê Khôi - Nguyễn Sơn - Văn Cao - Tân Hương – Tân Quý - Tân Kỳ Tân Quý - Lê Trọng Tấn - Dương Đức Hiền - Chế Lan Viên - Đường D9 - Tây Thạnh - Trường Chinh - Phan Huy Ích - Phạm Văn Chiêu - Thống Nhất - Lê Đức Thọ - Nguyễn Oanh - Hà Huy Giáp - Cầu vượt Ngã 4 Ga - Đường vòng chân cầu vượt - Quốc lộ 1A - Bến xe Ngã 4 Ga.,"24,8 km",04:00 - 19:30,80 phút,9 – 15 phút,Samco City I.51 CNG,,"Tiền mặt
Thẻ ngân hàng
Ví điện tử",
33,"Bến xe An Sương
Lê Quang Đạo, Xã Bà Điểm",Suối Tiên ↔,"Đại học Quốc gia
Bến xe buýt khu A, Đại học Quốc gia
Phường Đông Hòa",Bến xe An Sương - Quốc lộ 22 - (rẽ trái tại nút giao thông An Sương) - Ngã tư An Sương - Quốc lộ 1 - Khu du lịch Suối Tiên - Quốc lộ 1 - quay đầu tại nút mở giao thông trên đường Quốc lộ 1 qua đoạn đường 13 - Đường 621 - Đường trục chính số 1 - số 5 - số 7 - Ký túc xá B (Đại học Quốc Gia).,25 km,04:30 - 22:00,50 phút,4 – 20 phút,Samco City H.68 CNG,Công Ty TNHH Dịch Vụ Vận Tải Sinh Thái Vinbus,"Tiền mặt
Thẻ ngân hàng",
34,"Bến Thành
 Bến xe buýt Sài Gòn, Phường Bến Thành",↔,"Bến xe buýt Quận 8
Quốc lộ 50, Phường Bình Đông",Bến CV 23/9 – Phạm Ngũ Lão – Yersin – Trần Hưng Đạo – Hàm Nghi – Nguyễn Thái Bình – Calmette – cầu Calmette - Hoàng Diệu - Nguyễn Tất Thành - cầu Tân Thuận 2 - Đường vòng chân cầu - Trần Xuân Soạn - Lê Văn Lương -Đường số 15-Đường số 2- Đường Số 15 - Đường số 10 - Đường số 17 - Mai Văn Vĩnh - Nguyễn Thị Thập - Tân Mỹ - Nguyễn Lương Bằng - Nguyễn Văn Linh - Phạm Hùng - Tạ Quang Bửu - Quốc lộ 50 - Bến xe buýt quận 8,"22,05 km",04:45 - 22:00,60 phút,10 – 20 phút,Kim Long B30 EV,,"Tiền mặt
FutaPay",Tuyến xe điện
36,,↔,"Thới An
Bến xe buýt Thới An
Lê Văn Khương, Phường Thới An",Bến Công viên 23/9 – Phạm Ngũ Lão –Yersin – Trần Hưng Đạo – Hàm Nghi - Pasteur - Lê Duẩn - Phạm Ngọc Thạch - Điện Biên Phủ - Hai Bà Trưng - Trần Quang Khải - Đinh Tiên Hoàng - Phan Đăng Lưu - Nơ Trang Long - Phan Văn Trị - Thống Nhất - Phạm Văn Chiêu - Lê Đức Thọ - Lê Văn Khương - Bến Thới An.,"18,97 km",,70 phút,8 – 15 phút,Kim Long B60 EV,,,
38,"Khu dân cư Tân Quy
Nguyễn Thị Thập, Tân Hưng",Bến Thành ↔,"Đầm Sen
Bãi xe buýt Đầm Sen
Hòa Bình, Phường Bình Thới",Khu dân cư Tân Quy (Q.7)-Nguyễn Thị Thập-Lê Văn Lương-Đường số 15-Nguyễn Hữu Thọ-cầu Kênh Tẻ-Khánh Hội-Hoàng Diệu-cầu Calmette – Calmette – Võ Văn Kiệt- Pasteur – Hàm Nghi - vòng xoay Bến Thành – Lê Lai – Phạm Hồng Thái - Cách Mạng Tháng Tám-Nguyễn Thị Minh Khai - Nguyễn Văn Cừ-An Dương Vương - Sư Vạn Hạnh - Lý Thái Tổ - Thành Thái - Tô Hiến Thành-Lữ Gia-Nguyễn Thị Nhỏ - Âu Cơ - Lạc Long Quân-Hòa Bình-Bến Đầm Sen.,"16,57 km",05:15 - 19:00,60 – 65 phút,12 – 17 phút,Samco City I.47,,"Tiền mặt
Thẻ ngân hàng",
39,"Bến Thành
Bến xe buýt Sài Gòn, Phường Bến Thành",Võ Văn Kiệt ↔,"Bến xe Miền Tây
Kinh Dương Vương, Phường An Lạc",Công viên 23/9 – Phạm Ngũ Lão – Yersin – Trần Hưng Đạo – Hàm Nghi – Nguyễn Thái Bình - Ký Con - Võ Văn Kiệt - Hải Thượng Lãn Ông - Lê Quang Sung - Phạm Đình Hổ - Cao Văn Lầu - Võ Văn Kiệt - Hồ Học Lãm - Kinh Dương Vương - Bến xe Miền Tây (trả khách) - Kinh Dương Vương - chỗ đậu xe buýt Bến xe Miền Tây,"17,57 km",05:00 - 22:00,55 phút,10 – 20 phút,Kim Long B30 EV,,"Tiền mặt
FutaPay",Tuyến xe điện
41,"Bến xe Miền Tây
Kinh Dương Vương, Phường An Lạc",Ngã 4 Bốn Xã ↔,"Bến xe An Sương
Lê Quang Đạo, Xã Bà Điểm",Bến xe Miền Tây - Kinh Dương Vương - Tên Lửa – Đường 17A – Đường 34 – Đường số 1- Tên Lửa – Tỉnh lộ 10 - Mã Lò - Lê Văn Quới - (ngã 4 Bốn xã) - Bình Long - Văn Cao - Tân Hương – Độc Lập – Tân Sơn Nhì – Gò Dầu – Cầu Xéo - Tân Kỳ Tân Quý - Lê Trọng Tấn - Tây Thạnh - Trường Chinh - Quốc lộ 22 (quay đầu tại Công ty Việt Hưng) - Bến xe An Sương;,"22,15 km",05:00 - 19:20,60 phút,10 – 15 phút,Golden Dragon B55,,,
43,"Bến xe Miền Đông
Đinh Bộ Lĩnh, Phường Bình Thạnh",↔,"Phà Cát Lái
Bãi xe bến phà Cát Lái
Đường A, Phường Cát Lái",Bến xe Miền Đông-Đinh Bộ Lĩnh-Bạch Đằng-Xô Viết Nghệ Tĩnh-Điện Biên Phủ-Cầu Sài Gòn-Xa Lộ Hà Nội-Trần Não- Lương Định Của-(nút giao An Phú)-Nguyễn Thị Định-(Cầu Mỹ Thủy 2)-Nguyễn Thị Định-Bến phà Cát Lái-(quay đầu)-Ngã 3 Nguyễn Thị Định và đường A1,"15,8 km",05:00 - 19:00,50 – 55 phút,14 – 16 phút,Samco City Hi-Class I.40,"Công ty TNHH Du lịch, Dịch vụ Xây dựng Bảo Yến (Bao Yen Group)","Tiền mặt
Thẻ ngân hàng
Ví điện tử",
44,"Cảng Quận 4
Bến xe buýt Kho Muối
Tôn Thất Thuyết, Phường Vĩnh Hội",↔,"Bình Quới
Bãi xe bến đò Bình Quới
Bình Quới, Phường Bình Qưới",Cảng Quận 4 - Tôn Thất Thuyết - Tôn Đản - Vĩnh Hội - Tân Vĩnh - Hoàng Diệu - Đoàn Văn Bơ - cầu Calmette – Calmette – Trần Hung Đạo - Hàm Nghi - Pasteur - Lý Tự Trọng - Tôn Đức Thắng - Nguyễn Hữu Cảnh - Ngô Tất Tố - Nguyễn Văn Lạc - Xô Viết Nghệ Tĩnh - Bình Quới – Bến đò Bình Quới;,"16,65 km",05:00 - 22:00,60 phút,10 – 20 phút,Kim Long B30 EV,,"Tiền mặt
FutaPay",Tuyến xe điện
45,"Đại học Kinh tế
Nguyễn Văn Linh, Xã Bình Hưng",Bến Thành ↔,"Bến xe Miền Đông
Đinh Bộ Lĩnh, Phường Bình Thạnh",Bến xe Quận 8 - Quốc lộ 50 - (cầu Nhị Thiên Đường) - Tùng Thiện Vương - Xóm Củi - (cầu Chà Và) - Vạn Kiếp - Hải Thượng Lãn Ông - (Quay đầu tại giao lộ Triệu Quang Phục) - Hải Thượng Lãn Ông - Châu Văn Liêm - Thuận Kiều - Nguyễn Chí Thanh - Sư Vạn Hạnh - An Dương Vương - Nguyễn Văn Cừ - Nguyễn Trãi - Nguyễn Cư Trinh - Trần Hưng Đạo - Hàm Nghi - Hồ Tùng Mậu - đường nhánh S2 - Tôn Đức Thắng - Hai Bà Trưng - Nguyễn Thị Minh Khai - Nguyễn Bỉnh Khiêm - Điện Biên Phủ - Xô Viết Nghệ Tĩnh - Đinh Bộ Lĩnh - Bến xe Miền Đông,"22,3 km",04:45 - 20:00,65 – 80 phút,10 – 15 phút,Samco City H.68 CNG,,"Tiền mặt
Thẻ ngân hàng",
46,"Cảng Quận 4
Bến xe buýt Kho Muối
Tôn Thất Thuyết, Phường Vĩnh Hội",↔,"Bến Mễ Cốc
Bãi xe Bến Mễ Cốc
Lưu Hữu Phước, Phường Phú Định",Bến xe Cảng Quận 4 (dưới chân cầu Kênh Tẻ) - Tôn Thất Thuyết -Nguyễn Khoái - Bến Vân Đồn - Vĩnh Khánh - Hoàng Diệu - cầu Ông Lãnh - Nguyễn Thái Học - Nguyễn Thị Nghĩa - vòng xoay Phù Đổng - Nguyễn Trãi - Nguyễn Biểu - cầu Chữ Y - Hưng Phú - Xóm Củi - Đường vòng Chân cầu Chà Và - Đình Hòa - Cao Xuân Dục - Tùng Thiện Vương-Tuy Lý Vương-Nguyễn Chế Nghĩa - Bến Bình Đông - Bến Mễ Cốc - cầu số 3 - Mễ Cốc - (quay đầu tại chân cầu số 3) - đường vòng chân cầu số 3 - Lưu Hữu Phước -Chợ Rạch Cát;,"19,75 km",05:00 - 19:00,65 phút,12 – 15 phút,Kim Long B30 EV,,"Tiền mặt
FutaPay",Tuyến xe điện
47,"Chợ Lớn
Bến xe buýt Chợ Lớn A, Phường Bình Tây",Quốc lộ 50 ↔,"Hưng Long
Bãi xe Hưng Long
Đoàn Nguyễn Tuấn, Xã Hưng Long",Ga Chợ Lớn (Bến A) - Lê Quang Sung - Phạm Đình Hổ - Tháp Mười - Hải Thượng Lãn Ông - cầu Chà Và - Cao Xuân Dục - Tùng Thiện Vương - Quốc lộ 50 - Hương lộ 11 - Bến Hưng Long.,"17,3 km",04:00 - 19:00,50 phút,10 – 14 phút,Golden Dragon B55,,,
48,"Bến xe buýt Tân Phú
Trường Chinh, Phường Tây Thạnh",↔,"Chợ Hiệp Thành
Bến xe buýt Hiệp Thành
Hiệp Thành 17, Phường Tân Thới Hiệp",Bến xe Tân Phú-Trường Chinh-Hồ Đắc Di-Lê Trọng Tấn-Nguyễn Thị Tú-Vĩnh Lộc-Phan Văn Đối-Phan Văn Hớn-Nguyễn Ảnh Thủ-Tô Ký-Đông Bắc-Dương Thị Mười-Nguyễn Thị Kiểu-Nguyễn Thị Đặng-Nguyễn Ảnh Thủ-Hiệp Thành 13-Bến xe Hiệp Thành.,21 km,04:30 - 20:00,55 phút,10 – 20 phút,Kim Long B30 EV,,,Tuyến xe điện
50,"Đại học Bách khoa
Tô Hiến Thành, Phường Diên Hồng",↔,"Đại học Quốc gia
Bến xe buýt khu A, Đại học Quốc gia
Phường Đông Hòa",ĐH BÁCH KHOA TP HCM - Đại Học Bách Khoa - Bưu Điện Phú Thọ - Ngã ba Thành Thái - Siêu thị Nguyễn Kim - CMC Tân Bình - Trạm Cây xăng số 9 - Chợ Tân Bình - Bệnh viện chỉnh hình và Phục hồi chức năng - Bệnh viện Thống Nhất - Hội Chợ Triển lãm Tân Bình - Nhà hàng Đông Phương - Phạm Văn Hai - Cổng trước SVĐ Quân Khu 7 - Rạp Tân Sơn Nhất - Trung tâm sát hạch lái xe - Cây xăng Quân đội - Trường Đại học Kỹ thuật Công nghệ - Cuối công viên Gia Định - Ngã ba Đặng Văn Sâm - Đầu công viên Gia Định - Nhà hàng tiệc cưới Phố Đôi - Trạm cầu vượt Linh Xuân - Vietcombank - Nghĩa trang TP - ĐH Kinh tế Luật - Công ty điện tử Samsung - ĐH Nông Lâm - ĐH Nông Lâm - Đầu bến Đại học Bách Khoa - Cơ sở 2,"28,6 km",05:30 - 18:30,65 phút,15 – 25 phút,Samco City I.51 CNG,,"Tiền mặt
Thẻ ngân hàng","Tuyến không hoạt động vào các ngày nghỉ lễ, tết"
52,"Bến Thành
Bến xe buýt Sài Gòn, Phường Bến Thành",↔,,TĐH xe buýt Sài Gòn - Tôn Thất Tùng - Nguyễn Thị Nghĩa - Khách sạn New world - Bến Thành F - Bệnh viện Đa khoa Sài Gòn - Sài Gòn Centre - Lê Thánh Tôn - Lý Tự Trọng - Công viên 30/4 - Mạc Đỉnh Chi - Đinh Tiên Hoàng - Thảo Cầm Viên - Cầu Thị Nghè - Nhà Thờ Thị Nghè - Trung tâm Dưỡng Lão - Trường trung học Gia Định - Đại học Hutech - Khu Du lịch Văn Thánh - Cầu Sài Gòn - Cầu Đen - Thảo Điền - Metro Quận 2 - Cát Lái - Xi măng hà tiên - trạm thu phí - Ngã 4 Tây Hòa (RMK) - Trạm xây dựng - Khu QLGTDT số 2 - Ngã 4 Bình Thái - UBND quận 9 - Bê tông Hải Âu - Ngã 4 Thủ Đức - Công an Quận 9 - Chợ chiều - Khu Công nghệ cao quận 9 - Đại học Quốc gia,"22,53 km",05:10 - 18:15,70 phút,10 - 30 phút,Samco City I.47,,,
53,"Lê Hồng Phong
Bãi xe đường Lê Hồng Phong, Phường Chợ Quán",↔,"Đại học Quốc gia
Bến xe buýt khu B, Đại học Quốc gia
Phường Đông Hòa",Bến Lê Hồng Phong-Trần Phú-Phạm Viết Chánh-Cống Quỳnh-Nguyễn Cư Trinh-Trần Hưng Đạo-Hàm Nghi-Hồ Tùng Mậu-đường nhánh S2-Tôn Đức Thắng-Nguyễn Hữu Cảnh-Xa lộ Hà Nội-ngã tư Bình Thái-Xa lộ Hà Nội - ngã 4 Thủ Đức - Võ Văn Ngân-Lê Văn Chí-Hoàng Diệu 2-Kha Vạn Cân-Quốc lộ 1A-(Trạm 2)-Quốc lộ 1A-quay đầu tại nút mở giao thông trên đường Quốc lộ 1 qua đoạn đường 13- đường 621- (rẽ trái)-Bến xe buýt A (khu đô thị ĐH Quốc Gia TP.HCM)-(ngã ba đường vào Trường ĐH Khoa Học Tự Nhiên) - (ngã ba đường vào Trường ĐH Quốc Tế) - Đường trục chính số 1-số 5-số7-Ký túc xá B (Đại học Quốc Gia).,"32,8 km",05:00 - 19:30,75 phút,4 – 14 phút,1-5auto NewCity B55 CNG,,Tiền mặt,
55,"Công viên phần mềm Quang Trung
Bãi xe Công viên phần mềm Quang Trung
Đỗ Mười, Phường Trung Mỹ Tây",↔,"Bến xe buýt Văn Thánh
Nguyễn Văn Thương, Phường Thạnh Mỹ Tây",Công viên Phần mềm Quang Trung - Tô Ký - quay đầu ngã ba Tân Chánh Hiệp 21 và Tô Ký - Quang Trung - Nguyễn Kiệm - Hoàng Minh Giám-Đào Duy Anh - Hồ Văn Huê - Hoàng Văn Thụ - Phan Đăng Lưu - Bạch Đằng-Xô Viết Nghệ Tĩnh-Điện Biên Phủ-Xa lộ Hà Nội-Quốc lộ 52-Lê Văn Việt - Khu Công nghệ cao (Q.9).,"16,8 km",05:00 - 22:00,45 phút,6 – 15 phút,Kim Long B60 EV,,"Tiền mặt
FutaPay",Tuyến xe điện
56,"Chợ Lớn
Bến xe buýt Chợ Lớn A, Phường Bình Tây",Bến Thành ↔,"Bến xe Miền Đông mới
Quốc lộ 1A, Phường Long Bình",Ga Chợ Lớn A - Lê Quang Sung - Nguyễn Hữu Thận - Tháp Mười - Hải Thượng Lãn Ông - Châu Văn Liêm - Hồng Bàng - An Dương Vương - Nguyễn Văn Cừ - Nguyễn Trãi - Nguyễn Cư Trinh - Trần Hưng Đạo - Hàm Nghi - Hồ Tùng Mậu - đường nhánh S2 - Tôn Đức Thắng - Nguyễn Hữu Cảnh - cầu Sài Gòn - Xa lộ Hà Nội - Nguyễn Văn Bá - Đặng Văn Bi - Võ Văn Ngân – Ngã tư Thủ Đức - Lê Văn Việt - Trường Đại học Giao thông vận tải (Quận 9) - Ký túc xá Trường Đại học Sư phạm Kỹ thuật.,"29,35 km",05:00 - 21:00,80 phút,5 – 13 phút,1-5auto NewCity B55,,Tiền mặt,
57,"Chợ Phước Bình
Trường trung cấp nghề TP.HCM cơ sở III
Đại lộ 3, Phường Phước Long",↔,"Trường THPT Hiệp Bình
Hiệp Bình, Phường Hiệp Bình",Bến chợ Phước Bình (Trường trung cấp nghề TP.HCM cơ sở III) - Đại lộ 3 - Đường số 20 - Đường số 9 - Đường số 6D - Đường số 18B - Đại lộ 2 - Đỗ Xuân Hợp - Dương Đình Hội - Đình Phong Phú - Lê Văn Việt – Ngã tư Thủ Đức - Võ Văn Ngân - Kha Vạn Cân - Hiệp Bình - Trường THPT Hiệp Bình.,"13,1 km",05:00 - 18:30,42 phút,13 – 20 phút,Golden Dragon B55,,"Tiền mặt
FutaPay",
58,"Bến xe Ngã tư Ga
Đỗ Mười, Phường An Phú Đông",↔,"Khu Công nghiệp Đông Nam
Tỉnh lộ 8, Xã Bình Mỹ",bến xe ngã 4 ga - quốc lộ 1 - đường nội bộ KDC nam long - hà huy giáp - bùi công trùng - đặng thúc vịnh - hà duy phiên - tỉnh lộ 8 - đường vào cổng A khu công nghiệp đông nam - KCN đông nam,"20,8 km",04:45 - 21:00,60 phút,10 – 20 phút,Kim Long B30 EV,,,Tuyến xe điện
59,"Bến xe buýt Quận 8
Quốc lộ 50, Phường Bình Đông",↔,"Bến xe Ngã tư Ga
Đỗ Mười, Phường An Phú Đông",Bến xe Quận 8 - Quốc lộ 50 - Phạm Thế Hiển - Đường số 1011 - Tạ Quang Bửu - Phạm Hùng - cầu Chánh Hưng - cầu Nguyễn Tri Phương - Nguyễn Tri Phương - Thành Thái - Tô Hiến Thành - Lý Thường Kiệt - Hoàng Văn Thụ - Phổ Quang - Hoàng Minh Giám - Nguyễn Thái Sơn - Phạm Ngũ Lão - Nguyễn Oanh - Hà Huy Giáp - cầu vượt ngã tư Ga - Đường vòng cầu vượt - Quốc lộ 1A - Bến xe Ngã tư Ga.,"23,7 km",04:50 - 19:00,87 phút,9 – 17 phút,Samco City I.47 Samco City I.51,,"Tiền mặt
Thẻ ngân hàng
Ví điện tử",
61,"Chợ Lớn
Bến xe buýt Chợ Lớn B, Phường Bình Tây",↔,"Khu công nghiệp Lê Minh Xuân
Trần Đại Nghĩa, Xã Bình Lợi",Ga hành khách xe buyt Chợ Lớn B - Lê Quang Sung - Phạm Đình Hổ - Hậu Giang - Nguyễn Văn Luông - Đường 26 - Trần Văn Kiểu - Đường Vành Đai - Đường 44 - Đường 59 - An Dương Vương - Kinh Dương Vương -Quốc Lộ 1A - Trần Đại Nghĩa - KCN Lê Minh Xuân,"17,73 km",04:45 - 19:00,50 phút,12 – 15 phút,Golden Dragon B55,,"Tiền mặt
FutaPay",
62,"Bến xe buýt Quận 8
Quốc lộ 50, Phường Bình Đông",↔,"Thới An
Bến xe buýt Thới An
Lê Văn Khương, Phường Thới An",Ga Hành Khách Quận 8 - Quốc Lộ 50 - Cầu Nhị Thiên Đường - Tùng Thiện Vương - Cầu Chà Và - Hải Thượng Lãng Ông - Quay Đầu Giao Lộ Triệu Quang Phục - Hải Thượng Lãng Ông -Châu Văn Liêm - Hồng Bàng - Lý Thường Kiệt - Nguyễn Chí Thanh - Thuận Kiều - Lê Đại Hành -Lãnh Binh Thăng - Ông Ích Khiêm - Hòa Bình - Lũy Bán Bích - Âu Cơ - Trường Chinh - Nguyễn Văn Quá - Tô Ký - Quốc Lộ 1A - Lê Văn Khương - Bến Xe Buýt Thới An,24 km,05:00 - 19:00,75 – 85 phút,12 – 18 phút,Samco City I.47,,"Tiền mặt
Thẻ ngân hàng",
64,"Bến xe Miền Đông
Đinh Bộ Lĩnh, Phường Bình Thạnh",↔,"Đầm Sen
Bãi xe buýt Đầm Sen
Hòa Bình, Phường Bình Thới",Bến xe Miền Đông-Đinh Bộ Lĩnh-Nguyễn Xí-Nơ Trang Long-Đường Phan Chu Trinh (quay đầu trước cổng Học Viện cán bộ) - Đường Phan Chu Trinh-Phan Đăng Lưu-Hoàng Văn Thụ-Phan Đình Giót-Phan Thúc Duyện-Trần Quốc Hoàn-Hoàng Văn Thụ-Xuân Diệu-Xuân Hồng-Trường Chinh-Đồng Đen-Bàu Cát - Âu Cơ - Tân Thành - Lũy Bán Bích -Hòa Bình-Bãi xe buýt Đầm Sen.,18 km,05:30 - 19:00,55 – 65 phút,10 – 15 phút,,,,
65,"Bến Thành
Bến xe buýt Sài Gòn, Phường Bến Thành",Cách Mạng Tháng 8 ↔,"Bến xe An Sương
Lê Quang Đạo, Xã Bà Điểm",Bến CV 23/9 – Phạm Ngũ Lão – Yersin - Trần Hưng Đạo – Hàm Nghi – quay đầu (tại giao lộ Hàm Nghi – Tôn Thất Đạm) - vòng xoay Bến Thành - Lê Lai - Phạm Hồng Thái - Cách Mạng Tháng Tám - Hoàng Văn Thụ - Xuân Diệu - Xuân Hồng - Trường Chinh - Quốc lộ 22 - Ngã 3 Công ty Việt Hưng (quay đầu) - Quốc lộ 22 - Bến xe An Sương.,"16,3 km",04:45 - 20:45,50 – 70 phút,10 – 12 phút,Samco Hi-Class I.50,"Công ty TNHH Du lịch, Dịch vụ Xây dựng Bảo Yến (Bao Yen Group)","Tiền mặt
Thẻ ngân hàng
Ví điện tử",
67,"Bến xe Miền Đông
Đinh Bộ Lĩnh, Phường Bình Thạnh",↔,"Bến xe Miền Đông mới
Quốc lộ 1A, Phường Long Bình",,"19,2 km",03:00 - 22:45,50 phút,30 – 45 phút,Kim Long B30 EV,,"Tiền mặt
FutaPay","Không trợ giá
Tuyến xe điện"
68,"Chợ Lớn
Bến xe buýt Chợ Lớn B, Phường Bình Tây",↔,"Đại học Tài chính - Marketing
Ngô Thị Nhạn, Phường Tân Thuận",Ga Chợ Lớn B - Lê Quang Sung - Nguyễn Thị Nhỏ - Hồng Bàng - An Dương Vương - Nguyễn Tri Phương - Nguyễn Trãi - Nguyễn Biểu - cầu Chữ Y - Dạ Nam - Phạm Thế Hiển - Trần Xuân Soạn - Lê Văn Lương - Đường số 15 - Nguyễn Hữu Thọ - Trường Đại học Tôn Đức Thắng - Nguyễn Hữu Thọ - Nguyễn Văn Linh - Nguyễn Đức Cảnh – Trần Văn Trà – Nguyễn Lương Bằng – Nguyễn Văn Linh - Cầu Đa Khoa - Nguyễn Thị Thập - Huỳnh Tấn Phát - Nguyễn Văn Linh - Quay đầu dưới chân cầu Tân Thuận 2 - Đường số 13 - Bãi Đậu xe Trường Đại Học Tài Chính Marketing.,"20,15 km",05:00 - 19:00,65 phút,12 – 20 phút,Golden Dragon B55,,,
69,"Bến Thành
Bến xe buýt Sài Gòn, Phường Bến Thành",↔,"Khu dân cư Vĩnh Lộc
Trường Trí Tuệ Việt
Đường số 3, Phường Bình Tân",Bãi xe buýt Công viên 23/9 - Phạm Ngũ Lão - Yersin - Trần Hưng Đạo - Nguyễn Thái Học - Nguyễn Thị Nghĩa - Cách Mạng Tháng 8 - Nguyễn Đình Chiểu - Lý Thái Tổ - Đường 3/2 - Thành Thái - Tô Hiến Thành - Lữ Gia - Nguyễn Thị Nhỏ - Bình Thới - Ông Ích Khiêm - Hòa Bình - Lũy Bán Bích - Vườn Lài - Văn Cao - Tân Hương - Tân Quý - Gò Dầu - Bình Long - Tân Kỳ Tân Quý - Lê Trọng Tấn - Nguyễn Thị Tú - Đường số 3 - Trường Trí Tuệ Việt,"22,45 km",05:00 - 20:00,85 phút,12 – 22 phút,Samco City I.51,,"Tiền mặt
Thẻ ngân hàng
Ví điện tử",
70,"Tân Quy
Bến xe buýt Tân Quy
Tỉnh lộ 8, Xã Bình Mỹ",↔,"Bến Súc
Bến xe buýt Bến Súc
Tỉnh lộ 15, Xã An Nhơn Tây",Bến xe Tân Quy - Tỉnh lộ 8 - Tỉnh lộ 15 - Bến xe buýt Bến Súc.,"25,55 km",04:00 - 20:20,60 phút,15 – 20 phút,Samco City I.40,HTX Vận tải 19/5,Tiền mặt,
71,"Bến xe An Sương
Lê Quang Đạo, Xã Bà Điểm",↔,"Phật Cô Đơn
Bãi xe Phật Cô Đơn
Mai Bá Hương, Xã Bình Lợi",Bến xe An Sương - Quốc lộ 22 - (quay đầu tại nút giao thông An Sương) - Quốc lộ 22 - Nguyễn Anh Thủ - Phan Văn Hớn - Phan Văn Đối - Vĩnh Lộc - Trần Văn Giàu - (cầu Xáng) - (quay đầu vị trí cách cầu Xáng 500 mét) - Trần Văn Giàu - (cầu Xáng) - Mai Bá Hương - Chùa Phật Cô Đơn - Mai Bá Hương - Ngã 3 Lý Văn Mạnh,"24,2 km",05:00 - 20:30,65 phút,10 – 20 phút,Kim Long B30 EV,,"Tiền mặt
FutaPay",Tuyến xe điện
72,"Bến Thành
Bến xe buýt Sài Gòn, Phường Bến Thành",↔,"Hiệp Phước
Bãi xe buýt Cầu Kênh Lộ
Nguyễn Văn Tạo, Xã Hiệp Phước",Công viên 23/9 - Phạm Ngũ Lão - Nguyễn Thái Học - Hoàng Diệu - Khánh Hội - Nguyễn Hữu Thọ - Nguyễn Văn Linh - (Quay đầu) -Nguyễn Văn Linh - Nguyễn Hữu Thọ - Nguyễn Văn Tạo - Bến Hiệp Phước (Gần cổng nhà tưởng niệm liệt sĩ huyện Nhà Bè).,"21,6 km",04:40 - 19:15,55 phút,7 – 14 phút,Samco City I.47 Samco City I.51,,"Tiền mặt
Thẻ ngân hàng
Ví điện tử",
73,"Chợ Bình Chánh
Quốc lộ 1A, Xã Bình Chánh",↔,"Khu công nghiệp Lê Minh Xuân
Trần Đại Nghĩa, Xã Bình Lợi","Chợ Bình Chánh-QL1A-Bùi Thanh Thiết-Nguyễn Hữu Trí-Chợ Đệm-Nguyễn Hữu Trí - quay đầu tại ngã ba Nguyễn Hữu Trí, Tân Túc - Nguyễn Hữu Trí-Cầu Chợ Đệm-Nguyễn Cửu Phú-Tỉnh lộ 10-QL1A-Đường số 7-Lộ Tẻ-Tỉnh lộ 10-Láng Le Bàu Cò-Khu công nghiệp Lê Minh Xuân.","22,35 km",04:30 - 19:00,60 phút,14 – 17 phút,Golden Dragon B55,,"Tiền mặt
FutaPay",
74,"Bến xe An Sương
Lê Quang Đạo, Xã Bà Điểm",↔,"Bến xe Củ Chi
Phan Văn Khải, Xã Tân An Hội",Bến Xe An Sương - Quốc lộ 22 – (quay đầu tại nút giao thông An Sương) - Ngã 4 An Sương - Quốc lộ 22 - Bến xe Củ Chi,"21,85 km",03:30 - 21:00,45 phút,6 – 15 phút,Samco City I.51 CNG,,"Tiền mặt
Thẻ ngân hàng
Ví điện tử",
75,"Bến xe buýt Sài Gòn
Phường Bến Thành",↔,"Cần Giờ
Bến xe buýt Cần Giờ
Đào Cử, Xã Cần Giờ",Bãi đậu xe buýt Công viên 23/9 – Phạm Ngũ Lão – Đề Thám - Trần Hưng Đạo - Hàm Nghi - Tôn Đức Thắng - Nguyễn Tất Thành - Huỳnh Tấn Phát - Rừng Sác - Duyên Hải – Giồng Ao - Đào Cử (nối dài) – Lê Hùng Yên – Đào Cử - Bến xe Cần Thạnh.,"63,5 km",04:00 - 17:20,140 phút,90 – 210 phút,Bahai HC B40 (2014/2016),HTX Vận tải số 26,Tiền mặt,Không trợ giá
76,"Long Phước
Đầu bến Hẻm 813 Long Phước, Phường Long Phước",↔,"Bến xe Miền Đông mới
Quốc lộ 1A, Phường Long Bình",Hẻm 813 Long Phước-Long Phước-Long Thuận-Nguyễn Xiển-Lò Lu-Lã Xuân Oai-Làng Tăng Phú-Lê Văn Việt-Man Thiện-Lê Văn Việt-Xa lộ Hà Nội-Khu du lịch Suối Tiên-Xa lộ Hà Nội-Đường 400-Hoàng Hữu Nam-Đường số 11-Công viên Đền Vua Hùng.,"23,8 km",04:45 - 22:00,60 phút,8 – 20 phút,Kim Long B30 EV,,"Tiền mặt
FutaPay",Tuyến xe điện
77,"Đồng Hòa
Đầu bến Đồng Hòa
Duyên Hải, Xã Cần Giờ",↔,"Cần Thạnh
Bến xe buýt Cần Giờ
Đào Cử, Xã Cần Giờ",Đình Đồng Hòa - Duyên Hải - Nguyễn Văn Mạnh - Duyên Hải – Thạnh Thới – Hòa Hiệp – Lương Văn Nho - Duyên Hải - Đào Cử – quay đầu tại bến tàu Tắc Suất – Tắc Suất – Bến xe Cần Thạnh.,"16,3 km",05:00 - 20:00,35 phút,10 – 30 phút,Kim Long B30,,,
78,"Thới An
Bến xe buýt Thới An
Lê Văn Khương, Phường Thới An",Ngã 3 Giồng ↔,"Cầu Lớn
Bến xe buýt Cầu Lớn
Nguyễn Văn Bứa, Xã Xuân Thới Sơn",Bến Thới An - Lê Văn Khương - Đặng Thúc Vịnh (Tỉnh lộ 9 cũ) - Quang Trung - Lê Lợi - Ngã ba Hồng Châu - Dương Công Khi - Nguyễn Văn Bứa - Bến xe buýt Cầu Lớn.,"18,5 km",,60 phút,15 – 20 phút,Golden Dragon B55,,,
79,"Bến xe Củ Chi
Phan Văn Khải, Xã Tân An Hội",↔,"Đền Bến Dược
Đầu bến Bến Dược
Tỉnh lộ 15, Xã An Nhơn Tây",Bến xe Củ Chi - Quốc lộ 22 - Nguyễn Thị Rành - Tỉnh lộ 15 - Khu di tích lịch sử Bến Dược.,25 km,,45 phút,15 – 30 phút,,,,
81,"Chợ Lớn
Bến xe buýt Chợ Lớn A, Phường Bình Tây",↔,"Lê Minh Xuân
Đối diện Văn phòng HTX Quyết Thắng
Vườn Thơm, Xã Bình Lợi",Ga Chợ Lớn A - Lê Quang Sung - Nguyễn Thị Nhỏ - Hồng Bàng - Bà Hom - Tỉnh lộ 10 - Cầu Xáng - Vườn Thơm - Bến Lê Minh Xuân (cuối đường Vườn Thơm),"22,4 km",04:15 - 19:50,65 phút,5 – 10 phút,Samco City I.47,,"Tiền mặt
Thẻ ngân hàng
Ví điện tử",
84,"Chợ Lớn
Bến xe buýt Chợ Lớn B, Phường Bình Tây",↔,"Tân Túc
Nguyễn Hữu Trí, Xã Tân Nhựt",Ga Chợ Lớn B - Lê Quang Sung - Phạm Đình Hổ - Hồng Bàng - Kinh Dương Vương - Quốc lộ 1 A - Nguyễn Hữu Trí -Tân Túc - Đường số 8 - Đường số 1 - Đường số 4A - Đường số 1A - Tân Túc - Nguyễn Hữu Trí - Thị trấn Tân Túc (Cống Ông Cốm).,"17,3 km",04:40 - 19:30,47 phút,12 – 20 phút,Golden Dragon B55,,"Tiền mặt
FutaPay",
85,"Bến xe An Sương
Lê Quang Đạo, Xã Bà Điểm",↔,"Khu công nghiệp Nhị Xuân
Nguyễn Văn Bứa, Xã Xuân Thới Sơn",Bến xe An Sương - Quốc lộ 22 - (quay đầu tại nút giao thông An Sương) - Quốc lộ 22 - Bà Triệu - Quang Trung - Lý Thường Kiệt - Nguyễn Văn Bứa - Phan Văn Hớn - Tỉnh lộ 9 - Khu Công nghiệp Nhị Xuân,"14,86 km",04:35 - 20:30,35 phút,10 – 20 phút,Kim Long B55,,,
86,"Bến Thành
Bến xe buýt Sài Gòn, Phường Bến Thành",Đại học Tôn Đức Thắng ↔,"Trường Đại học Tài nguyên và Môi trường
Xã Hiệp Phước",Bãi đậu xe Công viên 23/9 - Phạm Ngũ Lão - Đề Thám - Trần Hưng Đạo - Hàm Nghi - Nguyễn Thái Bình - Calmette - Cầu Calmette - Đoàn Văn Bơ - Hoàng Diệu - Khánh Hội - cầu Kênh Tẻ - Nguyễn Hữu Thọ - D6 - (quay đầu) - D6 - Điểm dừng Trường Đại học Tôn Đức Thắng - Nguyễn Hữu Thọ - Nguyễn Văn Linh - (Quay đầu) - Nguyễn Văn Linh - Nguyễn Hữu Thọ - Đường nội bộ KDC Hoàng Anh Gia Lai - Lê Văn Lương - Đường vào Chung cư Hoàng Anh Gia Lai - Đường nội bộ Khu B Làng Đại học - Lê Văn Lương - Cầu Long Kiểng,"15,15 km",05:00 - 19:00,62 phút,12 – 20 phút,Golden Dragon B55,,,
87,"Bến xe Củ Chi
Phan Văn Khải, Xã Tân An Hội",↔,"An Nhơn Tây
Bến xe buýt An Nhơn Tây
Tỉnh lộ 15, Xã An Nhơn Tây",Bến xe Củ Chi-Quốc Lộ 22-Giáp Hải-Hương Lộ 2-Tỉnh Lộ 7-Tỉnh Lộ 15-Bến xe An Nhơn Tây.,"20,8 km",05:00 - 20:30,40 phút,10 – 20 phút,Kim Long B30 EV,,,Tuyến xe điện
88,"Bến Thành
Bến xe buýt Sài Gòn, Phường Bến Thành",↔,"Chợ Long Phước
Đầu bến Chợ Long Phước
Long Phước, Phường Long Phước",Bãi đậu xe buýt Công viên 23/9 – Phạm Ngũ Lão – Đề Thám – Trần Hưng Đạo - Hàm Nghi - Hồ Tùng Mậu - Đường nhánh S2 - Tôn Đức Thắng - Nguyễn Hữu Cảnh - (cầu Thủ Thiêm) - Nguyễn Cơ Thạch - Đường N3 - Lương Định Của - (nút giao An Phú) - Nguyễn Thị Định - Nguyễn Duy Trinh - Long Thuận - Long Phước - Chợ Long Phước.,"23,6 km",04:45 - 22:00,65 phút,6 – 15 phút,Kim Long B60 EV,,,
89,"Đại học Nông Lâm
Đỗ Mười, Phường Linh Xuân",↔,"Bến tàu Hiệp Bình Chánh
Bến Tàu thủy Hiệp Bình Chánh
Đường số 10, Phường Hiệp Bình",Đại học Nông Lâm-Đường số 17-Đường số 16 - Lê Văn Chí - Võ Văn Ngân-Tô Ngọc Vân-Tam Hà-Châu Bình-Tam Châu-Gò Dưa-cầu vượt Gò Dưa-Tỉnh Lộ 43-Quốc Lộ 1A-Quốc Lộ 13-Hiệp Bình-Phạm Văn Đồng-Đường số 25-Đường số 2-Đường số 3-Đường số 10-Bến tàu Hiệp Bình Chánh.,"16,2 km",05:00 - 22:00,55 phút,10 – 20 phút,,,,
90,"Phà Bình Khánh
Đầu bến phà Bình Khánh
Rừng Sác, Xã Bình Khánh",↔,"Cần Thạnh
Bến xe buýt Cần Giờ
Đào Cử, Xã Cần Giờ",Phà Bình Khánh - Rừng Sác - Duyên Hải - Đào Cử - Bến xe Cần Thạnh.,"45,6 km",04:30 - 20:00,75 phút,6 – 20 phút,Kim Long B55,,,
91,"Bến xe Miền Tây
Kinh Dương Vương, Phường An Lạc",↔,"Chợ nông sản Thủ Đức
Bãi xe Chợ nông sản Thủ Đức
Đỗ Mười, Phường Tam Bình",Bến xe Miền Tây - Đường Kinh Dương Vương - Đường Hậu Giang - Tháp Mười - Phú Hữu - Nguyễn Trãi - Trần Phú - Lê Hồng Phong - Điện Biên Phủ - Đinh Tiên Hoàng - Phan Đăng Lưu - Nơ Trang Long - Nguyễn Huy Lượng - Lê Quang Định - Bạch Đằng - Xô Viết Nghệ Tĩnh - Quốc lộ 13 - Quốc lộ 1A - Đường vòng chân cầu vượt Gò Dưa - cầu vượt Gò Dưa - Quốc lộ 1A - Chợ nông sản Thủ Đức.,"25,1 km",04:30 - 21:00,80 phút,15 – 30 phút,Samco City I.47,,"Tiền mặt
Thẻ ngân hàng",
93,"Bến Thành
Bến xe buýt Sài Gòn, Phường Bến Thành",↔,"Bến xe Miền Đông mới
Quốc lộ 1A, Phường Long Bình",Bãi đậu xe Công viên 23/9 – Phạm Ngũ Lão – Yersin– Trần Hưng Đạo – Hàm Nghi - Pasteur - Điện Biên Phủ - Xô Viết Nghệ Tĩnh - Quốc lộ 13 - Phạm Văn Đồng - Kha Vạn Cân – Quốc lộ 1 - đường nội bộ vào trường Đại học Nông Lâm - Bến xe buýt Đại học Nông Lâm.,"26,2 km",04:30 - 19:15,70 – 80 phút,12 – 20 phút,Samco City H.68 CNG Samco City Hi-Class H.76 CNG,,,
94,"Chợ Lớn
Bến xe buýt Chợ Lớn A, Phường Bình Tây",↔,"Bến xe Củ Chi
Phan Văn Khải, Xã Tân An Hội",Bến Xe Chợ Lớn (Bến A) - Lê Quang Sung - Nguyễn Thị Nhỏ - Hồng Bàng - Tạ Uyên - Nguyễn Chí Thanh - Lý Thường Kiệt - Hoàng Văn Thụ - Xuân Diệu - Xuân Hồng - Trường Chinh - Quốc lộ 22 - Bến xe Củ Chi.,"36,1 km",04:00 - 19:00,75 phút,12 – 25 phút,"Tracomeco Starbus B55
Golden Dragon XML6845J13C Golden Dragon XML6925J15C
 1-5auto Transinco B60KL
Samco City I.40 CNG
Tracomeco CityBus B40
1-5auto Transinco B80KL",HTX Vận tải 19/5,Tiền mặt,Không trợ giá
99,"Chợ Thạnh Mỹ Lợi
KDC Thạnh Mỹ Lợi
Trương Gia Mô, Phường Cát Lái",↔,"Đại học Quốc gia
Bến xe buýt khu B, Đại học Quốc gia
Phường Đông Hòa",Bến Khu dân cư Thạnh Mỹ Lợi (trước khu vui chơi thiếu nhi cách ngã 3 Trương Gia Mô-Đồng Văn Cống 100m)-Trương Gia Mô-Phạm Thận Duật-Nguyễn Khoa Đăng-Đường nội bộ khu dự án CN Sài Gòn-Lâm Văn Ky-Đường nội bộ khu dự án CN Sài Gòn (Bệnh viện Quốc tế Phúc An Khang)-Nguyễn Địa Lô-Trương Văn Bang (UBND Quận 2)-Phan Văn Đáng-Đồng Văn Cống-Mai Chí Thọ-Xa lộ Hà Nội-Tây Hòa-Đỗ Xuân Hợp-Tăng Nhơn Phú-Đình Phong Phú-Lê Văn Việt-Hoàng Hữu Nam-Cầu Xây-Nam Cao-Quốc lộ 1-quay đầu trên cầu vượt-Quốc lộ 1-Đường 621-(rẽ phải)-Đường trục chính số 1-số 5-số 7-Ký túc xá B (Đại học Quốc Gia).,"27,5 km",05:00 - 19:30,65 phút,11 – 14 phút,Golden Dragon B55,,"Tiền mặt
FutaPay",
100,"Bến xe Củ Chi
Phan Văn Khải, Xã Tân An Hội",↔,"Cầu Tân Thái
Tỉnh lộ 7, Xã Thái Mỹ",Bến xe Củ Chi - Giáp Hải - (quay đầu) - Giáp Hải - Quốc lộ 22 – Ngã 4 Phước Thạnh - Tỉnh lộ 7 - Cầu Tân Thái.,"16,8 km",04:45 - 21:00,35 phút,8 – 20 phút,Kim Long B55,,,
101,"Chợ Lớn
Bến xe buýt Chợ Lớn B, Phường Bình Tây",↔,"Chợ Tân Nhựt
Thế Lữ, Xã Tân Nhựt","Ga Chợ Lớn B - Lê Quang Sung - Phạm Đình Hổ - Bãi Sậy - Bình Tiên - Văn Thân - Bà Lài - Phạm Văn Chí - cầu Phạm Văn Chí - Nguyễn Văn Luông - Đường số 26 - An Dương Vương - Phú Định - Hồ Học Lãm - Võ Văn Kiệt - Quốc lộ 1 - Dương Đình Cúc - Thế Lữ Đường dẫn cao tốc (Tân Tạo - Chợ Điệm) - Kênh 10 - Bệnh Viện Nhi Đồng Thành Phố (quay đầu) - Kênh 10 - Đường song hành - Thế Lữ - Chợ Tân Nhựt (đậu xe tại vị trí bãi đất trống có địa chỉ số B14/290, ấp 2, xã Tân Nhựt, huyện Bình Chánh)","19,85 km",05:00 - 20:30,55 phút,10 – 20 phút,Kim Long B30 EV,,,Tuyến xe điện
102,"Bến Thành
Bến xe buýt Sài Gòn, Phường Bến Thành",Nguyễn Văn Linh ↔,"Bến xe Miền Tây
Kinh Dương Vương, Phường An Lạc",Bãi xe buýt Công viên 23/9 -Phạm Ngũ Lão -Yersin - Trần Hưng Đạo – Hàm Nghi – Nguyễn Thái Bình – Calmette – cầu Calmette – Đoàn Văn Bơ - Hoàng Diệu - Nguyễn Tất Thành - cầu Tân Thuận 2 - Nguyễn Văn Linh - đường vào TTTM Bình Điền - TTTM Bình Điền - quay đầu - Nguyễn Văn Linh - Quốc lộ 1A - Kinh Dương Vương - Bến xe Miền Tây (trả khách) - Kinh Dương Vương - Bến xe Miền Tây,"32,72 km",04:30 - 19:00,80 phút,12 – 20 phút,Golden Dragon B55,,,
103,"Chợ Lớn
Bến xe buýt Chợ Lớn A, Phường Bình Tây",↔,"Bến xe Ngã tư Ga
Đỗ Mười, Phường An Phú Đông",Bến xe buýt Chợ Lớn (khu A) – đường Lê Quang Sung – đường Nguyễn Thị Nhỏ – đường Hồng Bàng – đường Tạ Uyên – Đường 3/2 – đường Lý Thường Kiệt – đường Tô Hiến Thành – đường Thành Thái nối dài – đường Tam Đảo – đường Đồng Nai – đường Trường Sơn – đường Cách Mạng Tháng 8 – đường Hoàng Văn Thụ – đường Phan Đình Giót – đường Trường Sơn – đường Hồng Hà – Vòng Xoay – đường Nguyễn Thái Sơn – đường Phạm Ngũ Lão – đường Quang Trung – đường Lê Văn Thọ – đường Lê Đức Thọ – Quốc Lộ 1A – Đường Nội Bộ KDC Nam Long – đường Hà Huy Giáp – Đường Vòng Chân Cầu Vượt – Quốc Lộ 1A – Bến xe ngã tư Ga.,"24,9 km",05:00 - 20:30,85 phút,10 – 15 phút,Kim Long B30 EV,,,Tuyến xe điện
104,"Bến xe An Sương
Lê Quang Đạo, Xã Bà Điểm",↔,"Bến xe buýt Văn Thánh
Nguyễn Văn Thương, Phường Thạnh Mỹ Tây",Bến xe An Sương – Quốc lộ 22 – Trường Chinh – (KCN Tân Bình) – Cộng Hòa – Hoàng Văn Thụ - Phan Đăng Lưu – Bạch Đằng – Xô Viết Nghệ Tĩnh – Điện Biên Phủ - Xa lộ Hà Nội – Ngã tư Thủ Đức – Võ Văn Ngân – Lê Văn Chí – Hoàng Diệu 2- Đường số 7 - Đường số 6 – Đường số 14 – Quốc lộ 1A – Đầu bến trường Đại học Nông Lâm.,"16,1 km",04:30 - 22:00,45 phút,6 – 20 phút,Kim Long B60 EV,,,
107,"Bến xe Củ Chi
Phan Văn Khải, Xã Tân An Hội",↔,"Bố Heo
Đầu bến Ngã tư Bố Heo
Hương lộ 2, Xã Thái Mỹ",Bến xe Củ Chi - Quốc lộ 22 - Tỉnh lộ 7 - Hương lộ 2 - Bố Heo,"15,6 km",04:45 - 20:00,30 phút,15 – 30 phút,Kim Long B55,,,
109,"Bến xe buýt Sài Gòn
Phường Bến Thành",↔,"Sân bay Tân Sơn Nhất
Bãi xe Nhà ga T3 Sân bay Tân Sơn Nhất
Phường Tân Sơn",,"9,3 km",05:30 - 22:40,45 phút,15 - 25 phút,Kim Long B30 EV,,,"Không trợ giá
Tuyến xe điện"
110,"Hiệp Phước
Bãi xe buýt Cầu Kênh Lộ
Nguyễn Văn Tạo, Xã Hiệp Phước",↔,"Phước Lộc
Bến đò Bảy Bé
Đào Sư Tích, Xã Nhà Bè",Bến đò Hiệp Phước - Nguyễn Văn Tạo - Nguyễn Bình - Huỳnh Tấn Phát - Phạm Hữu Lầu - Lê Văn Lương - Đào Sự Tích - Cầu Phước Lộc,"26,3 km",05:00 - 19:45,65 phút,16 – 21 phút,Samco City I.40,Công ty Cổ phần Vận tải 26,"Tiền mặt
Thẻ ngân hàng
Ví điện tử",
122,"Bến xe An Sương
Lê Quang Đạo, Xã Bà Điểm",↔,"Tân Quy
Bến xe buýt Tân Quy
Tỉnh lộ 8, Xã Bình Mỹ","Bến xe An Sương - Quốc lộ 22 - (quay đầu tại nút giao thông An Sương) - Quốc lộ 22 - Bà Triệu - Quang Trung - Trưng Nữ Vương - Đỗ Văn Dậy - Tỉnh lộ 15 - Tỉnh lộ 8 - Bến xe buýt Tân Quy (Ấp Thạnh An, Xã Trung An, Huyện Củ Chi).","19,76 km",04:45 - 19:30,50 phút,6 – 12 phút,Foton AUV B60 CNG,HTX Vận tải 19/5,Tiền mặt,
126,"Bến xe Củ Chi
Phan Văn Khải, Xã Tân An Hội",↔,"Bình Mỹ
Cầu Phú Cường,
Tỉnh lộ 8, Xã Bình Mỹ",Bến xe Củ Chi - Quốc lộ 22 - Tỉnh lộ 8 - Bến đò Bình Mỹ,"19,4 km",04:45 - 20:00,40 phút,8 – 15 phút,Kim Long B30 EV,,"Tiền mặt
FutaPay",Tuyến xe điện
127,"An Thới Đông
Bến đò An Thới Đông
Xã An Thới Đông",↔,"Ngã ba Bà Xán
Bà Xán, Xã Bình Khánh",,18 km,05:30 - 20:00,,10 – 30 phút,Samco City I.40,,Tiền mặt,
128,"Tân Điền
Trạm y tế ấp Tân Điền
Dương Văn Hạnh, Xã An Thới Đông",↔,"An Nghĩa
Trường trung học phổ thông An Nghĩa
Tam Thôn Hiệp, Xã Bình Khánh",,"24,9 km",05:00 - 20:00,50 phút,8 – 30 phút,Kim Long B30,,"Tiền mặt
FutaPay",
139,"Bến xe Miền Tây
Kinh Dương Vương, Phường An Lạc",↔,"Khu tái định cư Phú Mỹ
Đối diện Block A4 chung cư Kỷ Nguyên
Đường D3, Phường Tân Mỹ",Bến xe Miền Tây - Kinh Dương Vương - Hồng Bàng - An Dương Vương - Nguyễn Văn Cừ - Trần Hưng Đạo - Nguyễn Thái Học - cầu Ông Lãnh - Hoàng Diệu - Khánh Hội - cầu Kênh Tẻ - Nguyễn Hữu Thọ - Đường số 15 - Lê Văn Lương - Nguyễn Thị Thập - Tân Mỹ - Nguyễn Lương Bằng - Hoàng Quốc Việt - Huỳnh Tân Phát - Phạm Hữu Lầu - đường 15B - Khu tái định cư Phú Mỹ.,22 km,04:45 - 19:00,60 – 70 phút,10 – 20 phút,Samco City I.47,,"Tiền mặt
Thẻ ngân hàng",
140,"Bến xe buýt Sài Gòn
Phường Bến Thành",Phạm Thế Hiển ↔,"Trường Đại học Văn Hiến
Nguyễn Văn Linh, Xã Bình Hưng",Ga hành khách xe buýt Sài Gòn (công viên 23/9) – Phạm Ngũ Lão- Nguyễn Thái Học - Hoàng Diệu - Khánh Hội - Nguyễn Hữu Thọ - Nguyễn Thị Thập - Lê Văn Lương - Trần Xuân Soạn - Phạm Thế Hiển - Khu Dân Cư Phú Lợi (đậu xe tại vị trí cổng sau trường THPT Nguyễn Văn Linh),"21,4 km",05:00 - 19:30,70 phút,20 – 30 phút,Bahai HC B40 (2014/2016),Công ty Cổ phần Vận tải 26,"Tiền mặt
Thẻ ngân hàng
Ví điện tử",
141,"Khu du lịch BCR
Tam Đa, Phường Long Phước",Long Trường ↔,"Khu chế xuất Linh Trung II
Bến xe buýt Khu chế xuất Linh Trung 2
Ngô Chí Quốc, Phường Tam Bình",Khu du lịch The BCR - Tam Đa - Nguyễn Duy Trinh - Lã Xuân Oai - Làng Tăng Phú - Lê Văn Việt (Đại học GTVT) - Ngã tư Thủ Đức - Võ Văn Ngân - Tô Ngọc Vân - Tam Hà - Phú Châu - Tô Ngọc Vân - Gò Dưa - cầu vượt Gò Dưa - Tỉnh lộ 43 - Ngô Chí Quốc - Bến xe buýt Linh Trung II,"21,8 km",,65 phút,10 – 15 phút,Golden Dragon B55,,"Tiền mặt
FutaPay",
145,"Chợ Lớn
Bến xe buýt Chợ Lớn B, Phường Bình Tây",↔,"Chợ Hiệp Thành
Bến xe buýt Hiệp Thành
Hiệp Thành 17, Phường Tân Thới Hiệp",Ga Chợ Lớn B-Lê Quang Sung-Nguyễn Thị Nhỏ-Hồng Bàng-Minh Phụng - Bình Thới - Lạc Long Quân -Lý Thường Kiệt-Hoàng Văn Thụ-Cộng Hòa-Trường Chinh-Quốc lộ 22-Ngã 4 Trung Chánh-Nguyễn Ảnh Thủ-HT17-Bến xe buýt Chợ Hiệp Thành,23 km,04:30 - 20:30,70 phút,12 – 15 phút,Kim Long B80 EV,,,Tuyến xe điện
146,"Bến xe Miền Đông
Đinh Bộ Lĩnh, Phường Bình Thạnh",↔,,Bến xe Miền Đông - Đinh Bộ Lĩnh - Bạch Đằng - Phan Đăng Lưu - Hoàng Hoa Thám - Nguyễn Văn Đậu - Lê Quang Định - Nguyễn Văn Nghi - Nguyễn Thái Sơn - Phan Văn Trị - Hẻm 468 - Dương Quảng Hàm - Lê Đức Thọ - Nguyễn Văn Lượng - Thống Nhất - Tô Ngọc Vân - Quốc lộ 1 - Lê Thị Riêng - Nguyễn Thị Kiêu - Nguyễn Ảnh Thủ - HT17 - Bến xe buýt Hiệp Thành.,19 km,04:45 - 20:30,65 phút,10 – 15 phút,Kim Long B30 EV,,,
148,"Bến xe Miền Tây
Kinh Dương Vương, Phường An Lạc",↔,"Gò Vấp
Bãi hậu cần số 1
Phan Văn Trị, Phường An Nhơn",Bến xe Miền Tây-Kinh Dương Vương-Hậu Giang-Minh Phụng-Bình Thới-Lạc Long Quân-Lý Thường Kiệt-Hoàng Văn Thụ-Phan Đình Giót-Phổ Quang-Hoàng Minh Giám-Nguyễn Thái Sơn-Phan Văn Trị-Bãi hậu cần số 1 (Gò Vấp).,"16,7 km",04:45 - 19:30,50 – 65 phút,12 – 18 phút,Samco City I.51 CNG,,"Tiền mặt
Thẻ ngân hàng",
150,"Chợ Lớn
Bến xe buýt Chợ Lớn A, Phường Bình Tây",↔,"Bến xe Miền Đông mới
Quốc lộ 1A, Phường Long Bình",Ga Chợ Lớn A - Lê Quang Sung - Phạm Đình Hổ - Tháp Mười - Ngô Nhân Tịnh - Phú Hữu - Hồng Bàng - An Dương Vương - Nguyễn Tri Phương - Ngô Gia Tự - Điện Biên Phủ - Xa lộ Hà Nội - Quốc lộ 52 - Ngã ba Tân Vạn - Ngã 4 Vũng Tàu - Bến xe Ngã 4 Vũng Tàu (đón trả khách) – Bến ngã 3 Tân Vạn.,"26,6 km",04:00 - 22:00,70 phút,5 – 10 phút,Samco City H.68 CNG,Công Ty TNHH Dịch Vụ Vận Tải Sinh Thái Vinbus,"Tiền mặt
Thẻ ngân hàng",
151,"Bến xe Miền Tây
Kinh Dương Vương, Phường An Lạc",Quốc lộ 1A ↔,"Bến xe An Sương
Lê Quang Đạo, Xã Bà Điểm",Bến xe Miền Tây - Kinh Dương Vương - Hồ Học Lãm - Quốc lộ 1 - nút giao thông An Sương - Quốc lộ 22 - Bến xe An Sương (Quay đầu tại Ngã 3 Công ty Việt Hưng).,"17,2 km",04:00 - 20:00,50 phút,7 – 15 phút,Golden Dragon B55,,"Tiền mặt
FutaPay",
152,"Khu dân cư Trung Sơn
Bãi xe Khu dân cư Trung Sơn
Đường số 10, Xã Bình Hưng",Bến Thành ↔,"Sân bay Tân Sơn Nhất
Bãi xe Ga Quốc tế Sân bay Tân Sơn Nhất
Trường Sơn, Phường Tân Sơn Hòa",Chỗ đậu xe buýt cuối đường số 10 (Khu dân cư Trung Sơn) - Đường 9A - (quay đầu gần giao lộ đường 9A và đường Nguyễn Văn Linh) - Đường 9A - Dương Bá Trạc - Nguyễn Văn Cừ - Trần Hưng Đạo - Hàm Nghi – Pasteur - Võ Thị Sáu - Nam Kỳ Khởi Nghĩa - Nguyễn Văn Trỗi - Phan Đình Giót - Trường Sơn – Cầu Vượt - Sân bay Tân Sơn Nhất (Ga Quốc tế).,"14,55 km",05:15 - 19:00,50 – 55 phút,12 – 18 phút,Tracomeco Citybus B40,"Công ty TNHH Du lịch, Dịch vụ Xây dựng Bảo Yến (Bao Yen Group)","Tiền mặt
Thẻ ngân hàng
Ví điện tử",
153,"Bến tàu thủy Bình An
Đường số 21, Phường An Khánh",↔,"Đường Liên Phường
Ngã 4 Liên Phường - Bưng Ông Thoàn, Phường Long Trường",,"16,7 km",05:00 - 22:00,55 phút,10 – 15 phút,Kim Long B30 EV,,"Tiền mặt
FutaPay",
154,"Trường Đại học Quản lý và Công nghệ
Đường số 60 CL, Phường Cát Lái",↔,"Bến xe buýt Dạ cầu Sài Gòn
Đường số 19, Phường An Khánh",,"16,85 km",05:00 - 22:05,,,,,,
155,"Bến Thành
Ga Bến Thành
Phạm Ngũ Lão, Phường Bến Thành",Nhà hát Thành phố ↔,"Bến Thành
Ga Bến Thành
Phạm Ngũ Lão, Phường Bến Thành",,"6,4 km",05:00 - 22:00,35 phút,15 – 20 phút,,,,Tuyến vòng kín 1 chiều
156,,Ga Hòa Hưng (Ga Sài Gòn) ↔,,,"7,35 km",05:00 - 22:05,30 phút,,,,,Tuyến vòng kín 2 chiều
157,"Bến xe buýt Văn Thánh
Nguyễn Văn Thương, Phường Thạnh Mỹ Tây",Chung cư Đức Khải ↔,"Khu dân cư Thạnh Mỹ Lợi
Trương Gia Mô, Phường Cát Lái",,"15,5 km",,55 phút,10 – 15 phút,,,,
158,,Cư xá Thanh Đa ↔,"Bến xe buýt Văn Thánh
Nguyễn Văn Thương, Phường Thạnh Mỹ Tây",,"9,8 km",05:00 - 22:00,25 – 30 phút,,,,,Tuyến vòng kín 1 chiều
159,"Ga Văn Thánh
Hẻm 56 Điện Biên Phủ, Phường Thạnh Mỹ Tây","Chung cư Ngô Tất Tố ↔ 
 Ngã tư Hàng Xanh","Ga Văn Thánh
Hẻm 56 Điện Biên Phủ, Phường Thạnh Mỹ Tây",,"5,2 km",,20 phút,,,,,
160,,Vinhomes Central Park ↔,,,"4,1 km",,15 phút,15 – 20 phút,,,,
161,"Bến xe buýt Văn Thánh
Nguyễn Văn Thương, Phường Thạnh Mỹ Tây",↔,"Bến xe Ngã tư Ga
Đỗ Mười, Phường An Phú Đông",,"15,25 km",05:00 - 22:05,50 – 55 phút,8 – 15 phút,Kim Long B60 EV,,,
162,"Bến xe buýt Ga Metro Bình Thái
Đường Song hành Xa lộ Hà Nội, Phường Phước Long","Chung cư Man Thiện ↔ 
 Trường Trung học cơ sở Hoa Lư","Bến xe buýt Ga Metro Bình Thái
Đường Song hành Xa lộ Hà Nội, Phường Phước Long",,"9,5 km",,30 phút,10 – 15 phút,Kim Long B30 EV,,,Tuyến vòng kín 2 chiều
163,,"Trung học Cơ sở Phước Bình ↔ 
 Cao đẳng Công Thương",,,8 km,05:00 - 22:00,25 phút,,,,,
`64,"Đại học Nông Lâm
Đỗ Mười, Phường Linh Xuân","Ga Metro Khu Công nghệ cao ↔ 
 Chung cư Topaz","Đại học Nông Lâm
Đỗ Mười, Phường Linh Xuân",,"10,4 km",,35 phút,,,,,
165,,Khu Công nghệ cao ↔,,,"19,8 km",,60 phút,,,,,Tuyến vòng kín 1 chiều
166,"Suối Tiên
Ga Metro Đại học Quốc gia
Đường Song Hành Xa lộ Hà Nội, Phường Linh Xuân",Đại học Quốc gia ↔,"Suối Tiên
Ga Metro Đại học Quốc gia
Đường Song Hành Xa lộ Hà Nội, Phường Linh Xuân",,"6,6 km",,20 phút,8 - 15 phút,Kim Long B60 EV,,,
167,"Đại học Nông Lâm
Đỗ Mười, Phường Linh Xuân","Khu Chế xuất Linh Trung 1 ↔ 
Ga Metro Khu Công nghệ cao","Đại học Nông Lâm
Đỗ Mười, Phường Linh Xuân",,"13,15 km",05:00 - 22:05,55 phút,7 - 15 phút,,,,Tuyến vòng kín 2 chiều
168,"Trường Đại học Ngân hàng
Đường số 17, Phường Thủ Đức","Đại học Sư phạm Kỹ thuật Thành phố ↔ 
Ga Metro Thủ Đức","Trường Đại học Ngân hàng
Đường số 17, Phường Thủ Đức",,"5,9 km",,25 phút,10 - 15 phút,Kim Long B30 EV,,,
169,"Bến xe buýt Ga Metro Bình Thái
Đường Song hành Xa lộ Hà Nội, Phường Phước Long","Vincom Thủ Đức ↔ 
Cảng Phúc Long","Bến xe buýt Ga Metro Bình Thái
Đường Song hành Xa lộ Hà Nội, Phường Phước Long",,"7,9 km",,,,,,,
D4,"VinHomes Grand Park
 KDC VinHomes Grand Park, Phường Long Bình",↔,"Bến Thành
Bến xe buýt Sài Gòn, Phường Bến Thành",,"29,5 km",05:00 - 22:00,80 phút,15 - 20 phút,Vinfast Greenbus 10,Công Ty TNHH Dịch Vụ Vận Tải Sinh Thái Vinbus,"Tiền mặt
Thẻ ngân hàng",Tuyến xe điện